Date,Last,Open,Max,Min,Volume, variation (%)
03.01.2022,8761.2,8729.7,8808.1,8725,117.5,0.54
04.01.2022,8795.8,8821.6,8834.1,8784.7,192.38,0.39
05.01.2022,8790.8,8799.6,8821.6,8768.1,146.05,-0.06
06.01.2022,8789.9,8664.6,8789.9,8628.9,174.96,-0.01
07.01.2022,8751.8,8781.9,8796.5,8709.5,170.22,-0.43
10.01.2022,8706.9,8771.4,8775.4,8679.5,183.56,-0.51
11.01.2022,8755.9,8726.8,8790,8719,169.26,0.56
12.01.2022,8770.3,8803.1,8804.1,8754.8,164.26,0.16
13.01.2022,8816.9,8755.9,8817.1,8750.3,155.32,0.53
14.01.2022,8806.6,8767.4,8810.1,8739.7,158.55,-0.12
17.01.2022,8838.7,8848.4,8866.6,8829.4,136.56,0.36
18.01.2022,8781.6,8811,8820.9,8761.8,158.13,-0.65
19.01.2022,8774.9,8758.6,8856.9,8749,226.23,-0.08
20.01.2022,8814.6,8783.3,8825.7,8737.8,162.95,0.45
21.01.2022,8694.7,8702.3,8760.8,8622.1,227.84,-1.36
24.01.2022,8417.8,8660,8673.5,8361.4,275.31,-3.18
25.01.2022,8479.5,8488.4,8529.9,8408.9,200.73,0.73
26.01.2022,8620.2,8526.6,8696.4,8525.6,206.01,1.66
27.01.2022,8706,8503.6,8740.6,8489.8,267.82,1
28.01.2022,8609.8,8705.7,8713.1,8515,187.56,-1.1
31.01.2022,8612.8,8697.1,8705.1,8564.6,213.54,0.03
01.02.2022,8726.7,8679.9,8745.1,8665,208.66,1.32
02.02.2022,8713.2,8782.9,8785.2,8713.2,182.82,-0.15
03.02.2022,8689.4,8694.4,8735.6,8660.1,276.25,-0.27
04.02.2022,8589.3,8741.6,8770.1,8551.1,314.16,-1.15
07.02.2022,8558.4,8646.3,8649.8,8509,255.6,-0.36
08.02.2022,8674.6,8576.4,8702.3,8572.5,282.9,1.36
09.02.2022,8846.4,8736.3,8850.2,8716.9,262.48,1.98
10.02.2022,8886.2,8871.5,8912.2,8819.1,281.27,0.45
11.02.2022,8798.1,8797.3,8833.5,8766.5,213.21,-0.99
14.02.2022,8573.8,8583.9,8643.2,8504.5,310.67,-2.55
15.02.2022,8718,8533.3,8721.1,8521.2,207.32,1.68
16.02.2022,8737.2,8735.3,8798,8678.2,171.25,0.22
17.02.2022,8671.1,8713,8749.7,8631.8,171.63,-0.76
18.02.2022,8590,8678.9,8708,8564.1,189.69,-0.94
21.02.2022,8488.9,8638.8,8666.4,8439,164.76,-1.18
22.02.2022,8493.2,8295.2,8551.1,8262.6,231.61,0.05
23.02.2022,8440.1,8519.1,8607.5,8410.7,190.89,-0.63
24.02.2022,8198.5,8084.2,8254.2,8048,526.12,-2.86
25.02.2022,8486.6,8242.9,8496.5,8188.1,381.38,3.51
28.02.2022,8479.2,8302.8,8500.4,8286.9,396.64,-0.09
01.03.2022,8188.2,8462.1,8510.3,8188.2,360.17,-3.43
02.03.2022,8321,8145.9,8371,8071.2,339.7,1.62
03.03.2022,8011.4,8296.1,8349.6,7978.4,297.39,-3.72
04.03.2022,7720.9,7988.5,8000.2,7719,395.65,-3.63
07.03.2022,7644.6,7510.4,7769.7,7287.7,469.18,-0.99
08.03.2022,7783.4,7569.8,7923.7,7566.1,372.8,1.82
09.03.2022,8163.1,8043.4,8163.1,7976.3,358.26,4.88
10.03.2022,8069.3,8166.5,8197.1,7997.2,320.3,-1.15
11.03.2022,8142.1,8115.3,8375.3,8068.1,333.21,0.9
14.03.2022,8234.4,8228.9,8313.4,8190.3,236.74,1.13
15.03.2022,8236.1,8150.2,8286.7,8092.7,238.01,0.02
16.03.2022,8380.4,8375.7,8475.5,8324.6,331.7,1.75
17.03.2022,8412,8409.5,8445.8,8317.4,243.53,0.38
18.03.2022,8417.6,8422.4,8434.1,8309.2,336.65,0.07
21.03.2022,8389.2,8417.3,8465.6,8389.2,149.78,-0.34
22.03.2022,8487.2,8415.7,8487.2,8400.7,176.35,1.17
23.03.2022,8328.4,8509.6,8522.2,8328.4,184.04,-1.87
24.03.2022,8305.1,8352.1,8380,8274.5,175.54,-0.28
25.03.2022,8330.6,8314.1,8363.2,8286.5,156.19,0.31
28.03.2022,8365.6,8354.4,8485.7,8354.4,167.96,0.42
29.03.2022,8614.6,8451,8621,8419.7,257.81,2.98
30.03.2022,8550.6,8583.3,8597.4,8508.9,185.39,-0.74
31.03.2022,8445.1,8562.6,8588.3,8445.1,220.12,-1.23
01.04.2022,8503.7,8481.7,8533,8442.8,150.41,0.69
04.04.2022,8520.8,8536.1,8546.4,8432.9,141.86,0.2
05.04.2022,8623.3,8529.8,8640.3,8505.7,180.39,1.2
06.04.2022,8482.1,8600.6,8635.6,8418,273.33,-1.64
07.04.2022,8467.4,8512.7,8635.2,8451,223.34,-0.17
08.04.2022,8606.4,8562.2,8625.3,8543.1,175.19,1.64
11.04.2022,8585,8580.9,8637.2,8544,167.8,-0.25
12.04.2022,8578,8469.8,8612.4,8446.3,194.8,-0.08
13.04.2022,8617.8,8533.4,8617.8,8532.9,161.72,0.46
14.04.2022,8699,8626.3,8756.8,8606,172.58,0.94
19.04.2022,8694,8677,8722.2,8619.1,157.02,-0.06
20.04.2022,8769.5,8713.4,8816.2,8706.8,188.72,0.87
21.04.2022,8814.6,8791.6,8877.7,8774.6,208.12,0.51
22.04.2022,8652.3,8712.5,8788.7,8652.3,220.99,-1.84
25.04.2022,8574.6,8535.6,8656.1,8511.1,189.83,-0.9
26.04.2022,8439.3,8687.7,8703.8,8435.3,321.48,-1.58
27.04.2022,8477.7,8458.8,8506.9,8344.9,243.35,0.46
28.04.2022,8512.2,8515.8,8554.9,8415.8,234.74,0.41
29.04.2022,8584.2,8572.1,8617.3,8526,218.57,0.85
02.05.2022,8436,8516.6,8563.2,8350,158.84,-1.73
03.05.2022,8590.2,8501.9,8590.2,8477.1,173.28,1.83
04.05.2022,8500.5,8594.8,8612.1,8498.4,158.31,-1.04
05.05.2022,8434.7,8636.7,8651.2,8427.6,252.4,-0.77
06.05.2022,8322,8398.6,8406.5,8283.6,314.49,-1.34
09.05.2022,8139.2,8280.1,8358.4,8139.2,192.93,-2.2
10.05.2022,8139.2,8219.3,8259,8138.9,204.42,0
11.05.2022,8312.6,8187.1,8316.8,8138.5,199.58,2.13
12.05.2022,8200.4,8183.2,8257.1,8134.5,202.06,-1.35
13.05.2022,8338.1,8263.4,8338.1,8244.7,148.6,1.68
16.05.2022,8353.7,8316.3,8383.2,8284.8,118.78,0.19
17.05.2022,8475.7,8422.5,8488.9,8409.4,156.31,1.46
18.05.2022,8476.4,8492.8,8546.4,8454.8,156.4,0.01
19.05.2022,8406,8416.1,8436.6,8341.7,155.48,-0.83
20.05.2022,8484.5,8464.9,8546.9,8456.1,172.38,0.93
23.05.2022,8625.8,8600.4,8625.8,8514.7,166.88,1.67
24.05.2022,8631.2,8537.8,8654,8534.3,207.03,0.06
25.05.2022,8760.2,8723.1,8773.9,8652.2,203.49,1.49
26.05.2022,8888.8,8787.5,8901.2,8780,203.82,1.47
27.05.2022,8933.6,8904,8937.7,8873,194.95,0.5
30.05.2022,8930.8,8975.6,8992.7,8905.6,159.28,-0.03
31.05.2022,8851.5,8898.8,8922.8,8836.9,314.82,-0.89
01.06.2022,8747.2,8881.3,8909.3,8736.7,163.2,-1.18
02.06.2022,8744.1,8778.9,8793.2,8709,103.69,-0.04
03.06.2022,8724.8,8800.7,8808.2,8706.4,95.87,-0.22
06.06.2022,8836.3,8785.3,8852.3,8768.2,124.14,1.28
07.06.2022,8841.6,8793.3,8848.8,8793.3,139.32,0.06
08.06.2022,8842.7,8876.7,8881.6,8791,145.18,0.01
09.06.2022,8711.2,8812.5,8836.3,8707.8,174.01,-1.49
10.06.2022,8390.6,8662,8671.3,8362.8,271.5,-3.68
13.06.2022,8183.3,8312.9,8312.9,8159,266.91,-2.47
14.06.2022,8066.4,8229.2,8280.4,8066.4,175.61,-1.43
15.06.2022,8174.7,8201.2,8242.2,8097.7,194.1,1.34
16.06.2022,8078.1,8157.5,8172.1,8034.7,162.99,-1.18
17.06.2022,8145.9,8107.6,8236,8025.6,395.31,0.84
20.06.2022,8286,8180.4,8297,8159,143.71,1.72
21.06.2022,8235.6,8324.5,8361.4,8222.8,157.76,-0.61
22.06.2022,8145.4,8158.3,8193.4,8066.6,162.16,-1.1
23.06.2022,8106.4,8097.5,8172.9,8034.3,195.48,-0.48
24.06.2022,8244.1,8129.5,8262.3,8108.5,174.31,1.7
27.06.2022,8242.6,8266.1,8309.9,8185.5,132.6,-0.02
28.06.2022,8317.5,8292,8374.8,8278.6,127.86,0.91
29.06.2022,8188,8236.3,8262.9,8159,139.28,-1.56
30.06.2022,8098.7,8094.8,8117.2,7994.2,222.96,-1.09
01.07.2022,8176.1,8043,8206.9,8027.3,150.84,0.96
04.07.2022,8161.8,8226.2,8240.4,8161.8,117.45,-0.17
05.07.2022,7959.4,8191.2,8209.5,7959.4,193.25,-2.48
06.07.2022,7948.6,8040.5,8061.7,7939.7,249.44,-0.14
07.07.2022,8122.5,8026.6,8128.9,7998.6,200.24,2.19
08.07.2022,8100.3,8099,8137.9,8034.1,147.63,-0.27
11.07.2022,8065.2,7994.4,8099.8,7980.4,130.23,-0.43
12.07.2022,8014.8,8029,8071.3,7893.1,365.8,-0.62
13.07.2022,7944.9,7991.3,8002.6,7891.5,198.61,-0.87
14.07.2022,7804.3,7903.8,7922.2,7764.9,197.27,-1.77
15.07.2022,7945.9,7821.3,7969.3,7806.2,197.82,1.81
18.07.2022,7963.1,8004.7,8030.1,7926.8,156.06,0.22
19.07.2022,8125.1,7920.4,8161.2,7912.7,201.69,2.03
20.07.2022,8028.9,8156.8,8173.3,7989.6,176.08,-1.18
21.07.2022,8012.7,7981.6,8105.7,7970.3,218.62,-0.2
22.07.2022,8051.6,8009.4,8085.3,7999.3,181.05,0.49
25.07.2022,8085.6,8021.9,8103.4,8015.7,124.36,0.42
26.07.2022,8069.6,8063.1,8097,8033.5,129.25,-0.2
27.07.2022,8124.4,8106.5,8149.7,8054.2,147.9,0.68
28.07.2022,8084.9,8193.7,8196.4,7995.4,250.67,-0.49
29.07.2022,8156.2,8140.3,8207.8,8134.1,249.07,0.88
01.08.2022,8085.1,8161.9,8230.7,8071.8,162.09,-0.87
02.08.2022,8096.9,8060.6,8122.5,8049.8,154.64,0.15
03.08.2022,8142.1,8092.6,8161.3,8066.3,146.69,0.56
04.08.2022,8161.1,8148,8214.4,8133.9,135.7,0.23
05.08.2022,8168,8151.2,8198,8120.5,144.26,0.08
08.08.2022,8272.5,8220.9,8294.4,8193.3,118.57,1.28
09.08.2022,8311.9,8260,8339.6,8245.6,115.02,0.48
10.08.2022,8352.8,8299.6,8367.2,8295.9,131.02,0.49
11.08.2022,8380,8386,8420.4,8368.9,104.91,0.33
12.08.2022,8400.4,8383.5,8453,8371.4,118.97,0.24
15.08.2022,8427,8423.9,8429.3,8384.4,82.28,0.32
16.08.2022,8511.9,8448.7,8527.3,8440.4,118.72,1.01
17.08.2022,8434.8,8520.2,8540,8426.5,113.54,-0.91
18.08.2022,8430.3,8440.7,8470.1,8392.6,88.54,-0.05
19.08.2022,8338.1,8395,8408.7,8320.9,145.36,-1.09
22.08.2022,8284.8,8291.6,8300.9,8213.6,125.08,-0.64
23.08.2022,8226.3,8254.9,8272.6,8205.5,102.24,-0.71
24.08.2022,8199.4,8196.9,8224.7,8161.8,82.59,-0.33
25.08.2022,8187.5,8230,8263,8166.3,88.85,-0.15
26.08.2022,8063.9,8229.7,8239.6,8044.1,120.27,-1.51
29.08.2022,7989.6,7970.9,8005,7933.4,103.31,-0.92
30.08.2022,7979.8,8004.5,8105.2,7968.6,158.86,-0.12
31.08.2022,7886.1,7994.8,7996.4,7866.6,228.02,-1.17
01.09.2022,7806,7838.8,7849.4,7797,132.47,-1.02
02.09.2022,7932.2,7843.8,7943.4,7796.7,121.21,1.62
05.09.2022,7862.7,7801.3,7867.8,7765.5,119.38,-0.88
06.09.2022,7842.2,7868,7935.9,7813.6,125.3,-0.26
07.09.2022,7855.9,7791.1,7880.2,7784.4,147.01,0.17
08.09.2022,7916.8,7902.3,7933.3,7772.7,206.75,0.78
09.09.2022,8033.1,7920.5,8063.8,7918.6,189.94,1.47
12.09.2022,8194.3,8087.8,8212.6,8077.4,173.42,2.01
13.09.2022,8064,8229,8235.8,8054.7,192.03,-1.59
14.09.2022,8055.6,8070.3,8124.5,8024,160.07,-0.1
15.09.2022,8085.5,8051.9,8125.4,8024.2,229.94,0.37
16.09.2022,7984.7,7994.4,8039.2,7962.2,329.45,-1.25
19.09.2022,7993.2,7957.8,8023.4,7911,110.51,0.11
20.09.2022,7873.1,8020.8,8064.1,7873.1,157.29,-1.5
21.09.2022,7872.2,7803.4,7896.7,7790.5,157.19,-0.01
22.09.2022,7774.7,7776.3,7897.1,7753.6,182.96,-1.24
23.09.2022,7583.5,7770.8,7770.8,7527.5,215.67,-2.46
26.09.2022,7508.5,7534.2,7589.2,7473.5,190.14,-0.99
27.09.2022,7445.7,7564.3,7587.6,7436.1,199.71,-0.84
28.09.2022,7442.2,7380.7,7448.4,7273,217.52,-0.05
29.09.2022,7300.1,7407.4,7416.9,7242.2,185.71,-1.91
30.09.2022,7366.8,7345.6,7395.1,7318.5,186.03,0.91
03.10.2022,7462,7327.5,7472.9,7288.5,155.77,1.29
04.10.2022,7696.6,7548.5,7699.9,7529.2,199.97,3.14
05.10.2022,7579.9,7655.6,7678.4,7537.9,130.26,-1.52
06.10.2022,7511.1,7597.3,7638.8,7482.1,118.07,-0.91
07.10.2022,7436.9,7463.9,7517.5,7412.5,133,-0.99
10.10.2022,7413.5,7389.5,7441.4,7372.9,114.4,-0.31
11.10.2022,7355.9,7369.3,7410.3,7315.5,130.87,-0.78
12.10.2022,7261.1,7356.3,7359.7,7239,135.44,-1.29
13.10.2022,7348.8,7234.1,7385.3,7189.6,195.47,1.21
14.10.2022,7382.5,7467.9,7503.4,7371.6,187.97,0.46
17.10.2022,7557.1,7416.1,7589.1,7413.4,166.45,2.37
18.10.2022,7611.3,7613,7692.3,7594.6,149.75,0.72
19.10.2022,7583.6,7630.4,7642.6,7530.5,131.87,-0.36
20.10.2022,7644.4,7584.7,7660.7,7552.1,178.42,0.8
21.10.2022,7545.6,7586.4,7592.6,7449.6,245.06,-1.29
24.10.2022,7680.5,7612.2,7739.6,7570,169.75,1.79
25.10.2022,7794.9,7716.5,7803.6,7675.2,149.34,1.49
26.10.2022,7870.6,7826.4,7877.9,7756.6,186.58,0.97
27.10.2022,7921.1,7846.9,7944.3,7798.9,202.34,0.64
28.10.2022,7916.5,7859.6,7916.5,7832.6,185.93,-0.06
31.10.2022,7956.5,7913.6,7958.1,7871.7,164.83,0.51
01.11.2022,7999,8011.8,8073.9,7971.8,146.53,0.53
02.11.2022,7968.6,8017.8,8018.2,7960.6,144.93,-0.38
03.11.2022,7868.9,7897.5,7897.5,7798.4,140.56,-1.25
04.11.2022,7942.7,7908.5,8006,7830.6,197.13,0.94
07.11.2022,7962.3,7910.5,7990,7893.2,138.36,0.25
08.11.2022,7998.9,7942.3,8005.8,7922,120.2,0.46
09.11.2022,8040.4,7983.4,8061.6,7968.1,161.11,0.52
10.11.2022,8133.2,8004,8176,7975.1,256.12,1.15
11.11.2022,8098.1,8178.7,8178.7,8073.8,218,-0.43
14.11.2022,8166.5,8123.2,8210.8,8110.4,142.67,0.84
15.11.2022,8188.4,8161,8192.1,8117.3,182.29,0.27
16.11.2022,8101.4,8175.1,8188.7,8075,163.76,-1.06
17.11.2022,8040.7,8105.1,8123.2,7986.1,139.5,-0.75
18.11.2022,8127.8,8107,8127.8,8048.5,178.69,1.08
21.11.2022,8188.4,8102.9,8198.5,8100.5,155.12,0.75
22.11.2022,8325,8203.3,8345.6,8200.3,215.62,1.67
23.11.2022,8331.2,8338.8,8344,8288.4,154.54,0.07
24.11.2022,8388.1,8341.3,8412.5,8339.2,137.79,0.68
25.11.2022,8416.6,8391.7,8425.5,8378.2,135.91,0.34
28.11.2022,8323.2,8380.7,8396.4,8316.7,125.89,-1.11
29.11.2022,8322.1,8348.5,8354.5,8282.8,145.89,-0.01
30.11.2022,8363.2,8350.4,8364.6,8304.4,325.06,0.49
01.12.2022,8407.9,8426.2,8469,8381.8,209.72,0.53
02.12.2022,8382.6,8390,8414.1,8342.3,146.28,-0.3
05.12.2022,8370.1,8372.8,8395.7,8358.8,103.86,-0.15
06.12.2022,8331.9,8332.6,8355.9,8296.4,123.95,-0.46
07.12.2022,8290.5,8308.1,8344,8279.8,129.31,-0.5
08.12.2022,8225.2,8307.9,8308.6,8225.2,118.77,-0.79
09.12.2022,8289.2,8262.9,8293.7,8194.9,131.66,0.78
12.12.2022,8258.9,8260.5,8270.2,8222.5,116.66,-0.37
13.12.2022,8327.7,8266,8415.7,8213.2,206.58,0.83
14.12.2022,8360.6,8322.4,8360.6,8297.9,160.33,0.4
15.12.2022,8218.8,8314.8,8332.4,8195.9,216.85,-1.7
16.12.2022,8112.5,8188.8,8192.1,8079.8,387.74,-1.29
19.12.2022,8136.8,8122.3,8180.3,8109.4,129.23,0.3
20.12.2022,8185.2,8080.3,8216.9,8059.5,181.95,0.59
21.12.2022,8302.3,8220,8312.2,8201.7,146.34,1.43
22.12.2022,8272.1,8314.4,8338.6,8257.6,122.26,-0.36
23.12.2022,8269.1,8280.3,8313.7,8236.1,103.24,-0.04
27.12.2022,8270.1,8307.4,8332.5,8266.8,91.61,0.01
28.12.2022,8258.5,8275.4,8319.4,8252.3,97.67,-0.14
29.12.2022,8318.3,8237.6,8321.9,8208.7,117.2,0.72
30.12.2022,8229.1,8290.3,8290.4,8221.7,121.41,-1.07
02.01.2023,8369.7,8297.9,8384.9,8283.7,92.19,1.71
03.01.2023,8397.4,8366.9,8454.3,8327.4,164.67,0.33
04.01.2023,8559.8,8443.1,8560.5,8442.1,206.75,1.93
05.01.2023,8607.6,8530.2,8618.9,8527.7,182.44,0.56
06.01.2023,8701.1,8615,8701.1,8589.2,162.16,1.09
09.01.2023,8694.9,8692.4,8721.6,8661.4,215.67,-0.07
10.01.2023,8712.7,8669.3,8724.5,8666.7,147.72,0.2
11.01.2023,8726.3,8721.3,8762.9,8700.7,166.06,0.16
12.01.2023,8828.1,8738.6,8849.7,8735.2,203.51,1.17
13.01.2023,8881.7,8836.7,8918.4,8828.7,197.13,0.61
16.01.2023,8871.1,8896.8,8918.2,8847.1,125.05,-0.12
17.01.2023,8890.4,8863.7,8916.8,8833.4,145.66,0.22
18.01.2023,8933.3,8910.4,8988.9,8909.5,202.92,0.48
19.01.2023,8793.1,8891.3,8894.4,8726.7,236.2,-1.57
20.01.2023,8918.2,8829.4,8918.2,8828.9,188.97,1.42
23.01.2023,8944.1,8925.2,8976.5,8909.9,134.69,0.29
24.01.2023,8967.1,8953.7,8978.1,8906,123.86,0.26
25.01.2023,8957.5,8961.6,8968.3,8905,166.33,-0.11
26.01.2023,9035.6,9003.1,9054.5,8995.3,304.45,0.87
27.01.2023,9060.2,9048.5,9082.8,9022.3,201.02,0.27
30.01.2023,9049.3,9045.8,9066.1,9011.4,152.78,-0.12
31.01.2023,9034,9052.2,9069.9,8994,239.32,-0.17
01.02.2023,9098.1,9047.3,9126.6,9046.2,236.08,0.71
02.02.2023,9229.7,9145.5,9281.4,9133.1,364.81,1.45
03.02.2023,9225.6,9213.9,9248.5,9155.6,297.61,-0.04
06.02.2023,9159.2,9175.5,9198.6,9124.8,148.03,-0.72
07.02.2023,9172.4,9165.9,9204.3,9149.8,145.45,0.14
08.02.2023,9227.3,9224,9277.7,9200,181.82,0.6
09.02.2023,9243.5,9270.6,9296.3,9243.5,142.05,0.18
10.02.2023,9117.4,9213.8,9214.5,9069.6,179.66,-1.36
13.02.2023,9210.3,9135.1,9217.2,9120.7,108.84,1.02
14.02.2023,9263.2,9234.8,9311.6,9231.5,153.03,0.57
15.02.2023,9294.8,9272.3,9313.5,9258.7,124.53,0.34
16.02.2023,9327.3,9338.2,9362.8,9291.4,170.12,0.35
17.02.2023,9333,9275.1,9363.1,9240.8,168.39,0.06
20.02.2023,9281.3,9352.7,9369.1,9273.9,101.22,-0.55
21.02.2023,9252.1,9254.5,9286.1,9195.9,116.05,-0.31
22.02.2023,9172.7,9219.1,9222.6,9118.5,154.73,-0.86
23.02.2023,9231.6,9184.3,9253.9,9179.5,144.01,0.64
24.02.2023,9201.5,9256.6,9314.5,9194.4,254.03,-0.33
27.02.2023,9314.3,9252,9351.7,9250.5,150.06,1.23
28.02.2023,9394.6,9304.2,9442.8,9279.6,306.11,0.86
01.03.2023,9322.9,9420.9,9453.8,9307.4,187.24,-0.76
02.03.2023,9327.3,9293,9336.2,9246.1,157.35,0.05
03.03.2023,9464.2,9358.6,9472.2,9357,161.26,1.47
06.03.2023,9511,9498.8,9524.6,9441.8,145.46,0.49
07.03.2023,9411.1,9503.1,9528.3,9408.5,159.2,-1.05
08.03.2023,9466.1,9387,9480.9,9369.4,123.51,0.58
09.03.2023,9423.2,9454.9,9457.4,9388.9,116.72,-0.45
10.03.2023,9285,9246.6,9296.5,9182.7,279.92,-1.47
13.03.2023,8958.9,9272.3,9273.6,8894.5,426.52,-3.51
14.03.2023,9159,8936,9181,8914.6,300.03,2.23
15.03.2023,8759.1,9161.8,9169.7,8736.5,422.53,-4.37
16.03.2023,8890.2,8927.5,8984.6,8731,324.58,1.5
17.03.2023,8719.3,8934.7,9027.4,8655.3,477.66,-1.92
20.03.2023,8833.1,8668.7,8875.3,8501.2,359.82,1.31
21.03.2023,9049.4,8928.4,9085.4,8918.8,248.78,2.45
22.03.2023,9009.3,9037.4,9100.2,9001.7,197.22,-0.44
23.03.2023,8970,8967.7,9027.7,8921.6,155.23,-0.44
24.03.2023,8792.5,8931,8933,8703.3,289.52,-1.98
27.03.2023,8906.1,8897.6,8935.7,8839.8,187.28,1.29
28.03.2023,8944.3,8985.2,9019.1,8911,153.71,0.43
29.03.2023,9070.7,8985.8,9075.3,8962.4,131.05,1.41
30.03.2023,9207.1,9137,9226.4,9131.2,149.63,1.5
31.03.2023,9232.5,9234.1,9254.5,9183.8,178.94,0.28
03.04.2023,9157.4,9214.6,9233.5,9135.5,129.26,-0.81
04.04.2023,9183.2,9174.1,9257.5,9168.5,120.08,0.28
05.04.2023,9254.6,9202.8,9254.6,9196.5,140.13,0.78
06.04.2023,9312.3,9249.5,9323.5,9232.6,128.32,0.62
11.04.2023,9237.7,9352.5,9378.4,9227.1,154.54,-0.8
12.04.2023,9278.7,9258.8,9324.6,9253.6,130.92,0.44
13.04.2023,9310,9284.1,9320.2,9238.7,109.72,0.34
14.04.2023,9362.9,9337.5,9375.4,9313.2,152.45,0.57
17.04.2023,9378.5,9387.4,9413.4,9361,154.77,0.17
18.04.2023,9421.9,9409.4,9445.4,9381.5,143.02,0.46
19.04.2023,9494.8,9416.4,9498.7,9405.4,117.66,0.77
20.04.2023,9450.9,9505.5,9540.5,9425,153.37,-0.46
21.04.2023,9415.6,9434.1,9436.6,9366.3,205.59,-0.37
24.04.2023,9406.4,9382.5,9433.9,9362.9,99.65,-0.1
25.04.2023,9290.3,9349.5,9352.1,9267.6,167.26,-1.23
26.04.2023,9293.7,9259.5,9297.7,9193.5,165.8,0.04
27.04.2023,9314.6,9255.1,9334.2,9226.4,128.41,0.22
28.04.2023,9241,9334.6,9338.9,9159.8,233.88,-0.79
02.05.2023,9082,9248.2,9264.9,9069.1,172.43,-1.72
03.05.2023,9076.7,9118.4,9132.2,9035.1,136.59,-0.06
04.05.2023,9043.6,9050.6,9056.6,8967.3,150.28,-0.36
05.05.2023,9147.3,9097.3,9147.3,9047.7,144.36,1.15
08.05.2023,9211.3,9162.2,9221.8,9157.9,81.67,0.7
09.05.2023,9183.2,9202.3,9219.5,9130.2,113.46,-0.31
10.05.2023,9167.7,9219.4,9223.3,9143.8,103.62,-0.17
11.05.2023,9182.8,9175.4,9215.1,9118,139.07,0.16
12.05.2023,9234.1,9218,9276.9,9213.9,106.39,0.56
15.05.2023,9201.5,9269.3,9279.5,9162.3,92.02,-0.35
16.05.2023,9191.4,9181,9241.9,9174.9,91.13,-0.11
17.05.2023,9211.6,9148.2,9218.6,9125.7,110.93,0.22
18.05.2023,9213.1,9247.3,9282.2,9202,105.2,0.02
19.05.2023,9251.5,9247.2,9309.4,9222.9,127.28,0.42
22.05.2023,9305,9242.8,9326.6,9241.9,96.21,0.58
23.05.2023,9267,9304.5,9305,9260.1,82.29,-0.41
24.05.2023,9163.5,9191.3,9193.2,9128.8,108.84,-1.12
25.05.2023,9116.1,9169.5,9188.1,9116.1,123.79,-0.52
26.05.2023,9191.1,9137.8,9210.9,9048.2,99.2,0.82
29.05.2023,9180.1,9263.1,9271.1,9146.6,59.24,-0.12
30.05.2023,9167.5,9189,9248.3,9156,111.5,-0.14
31.05.2023,9050.2,9096.5,9183.4,9034.9,401.51,-1.28
01.06.2023,9167.5,9130.3,9181.6,9105.9,109.88,1.3
02.06.2023,9317.3,9216.2,9324.8,9204.2,132.6,1.63
05.06.2023,9289.1,9352,9382.4,9276.1,102.11,-0.3
06.06.2023,9310.8,9266,9310.8,9242.3,94.77,0.23
07.06.2023,9359.8,9296.3,9401.8,9294.9,100.91,0.53
08.06.2023,9338.3,9358.7,9427.6,9331.7,109.45,-0.23
09.06.2023,9309.7,9345.7,9370.4,9288.6,84.88,-0.31
12.06.2023,9344.4,9345.9,9382.1,9328.5,95.66,0.37
13.06.2023,9333.7,9357.7,9357.7,9261.1,121.83,-0.11
14.06.2023,9432.8,9333.7,9468.1,9315.9,155.57,1.06
15.06.2023,9430.8,9404.1,9453.7,9389.3,123.38,-0.02
16.06.2023,9495,9465,9580.8,9428.5,384.18,0.68
19.06.2023,9431.9,9457.8,9503.2,9412.1,87.89,-0.66
20.06.2023,9439.8,9418.3,9469.1,9401,87.72,0.08
21.06.2023,9436.4,9431.2,9463.5,9415.3,101.63,-0.04
22.06.2023,9364.7,9365.5,9365.9,9284.2,108.51,-0.76
23.06.2023,9265.8,9305.6,9334.1,9239.7,124.53,-1.06
26.06.2023,9274,9283.1,9306.9,9198.7,110.99,0.09
27.06.2023,9393,9309.2,9399.5,9287.3,120.55,1.28
28.06.2023,9481.3,9421,9489.7,9414,126.19,0.94
29.06.2023,9510.6,9486.2,9524.1,9479,103.48,0.31
30.06.2023,9593,9541.4,9642.3,9534.6,172.93,0.87
03.07.2023,9644.8,9604.3,9658.6,9598.6,119.15,0.54
04.07.2023,9588.4,9635,9649.8,9580.9,97.86,-0.58
05.07.2023,9486.3,9541.7,9567.9,9470.7,116.02,-1.06
06.07.2023,9285,9384.6,9435.9,9261.2,142.18,-2.12
07.07.2023,9248.8,9246.9,9258.6,9169.8,114.92,-0.39
10.07.2023,9252.9,9210.5,9282.5,9183,91.45,0.04
11.07.2023,9331.1,9295.8,9333.7,9226.7,100.28,0.85
12.07.2023,9453.7,9356.5,9464.8,9344.6,155.44,1.31
13.07.2023,9478.7,9459.1,9523.6,9444.8,118.16,0.26
14.07.2023,9438.3,9468.9,9507.2,9437.8,105.13,-0.43
17.07.2023,9438,9414.9,9483.3,9402.6,77.44,0
18.07.2023,9455.7,9446.5,9471.8,9388.9,88.49,0.19
19.07.2023,9451.8,9482.8,9532.4,9433.1,92.23,-0.04
20.07.2023,9519.6,9445.1,9539.5,9444,108.48,0.72
21.07.2023,9571.5,9521,9571.5,9481.2,114.9,0.55
24.07.2023,9543.5,9417,9543.5,9401,121.34,-0.29
25.07.2023,9519.2,9534,9542.8,9497.8,86.43,-0.25
26.07.2023,9600.5,9515.9,9604.1,9489.6,164.64,0.85
27.07.2023,9694.7,9646.3,9715.1,9611.8,203.88,0.98
28.07.2023,9685.1,9682.2,9741.9,9674.1,222.14,-0.1
31.07.2023,9641.5,9675.9,9688.3,9641.5,160.13,-0.45
01.08.2023,9502.9,9639.9,9657.2,9491.7,136.37,-1.44
02.08.2023,9328.7,9409.5,9424.4,9311,223.09,-1.83
03.08.2023,9307.1,9291,9341.9,9244.3,139.65,-0.23
04.08.2023,9368.4,9333.9,9377.6,9278.9,111.01,0.66
07.08.2023,9358.6,9346.1,9369.4,9273.5,80.69,-0.1
08.08.2023,9301.8,9292.1,9361.3,9213.6,136.46,-0.61
09.08.2023,9354.4,9403.5,9420.8,9334.3,88.36,0.57
10.08.2023,9502.2,9404.8,9522.9,9396.7,109.2,1.58
11.08.2023,9434.3,9476.7,9493.9,9415.4,80.02,-0.71
14.08.2023,9429.6,9423.7,9471.7,9399.6,71.42,-0.05
15.08.2023,9347.5,9427.5,9435.1,9305.9,63.98,-0.87
16.08.2023,9350.5,9318.1,9404,9313.2,60.76,0.03
17.08.2023,9278,9312.8,9356.4,9270.3,83.01,-0.78
18.08.2023,9267.7,9250,9273.8,9192.7,93.68,-0.11
21.08.2023,9262.8,9268.6,9367.6,9239.4,72.51,-0.05
22.08.2023,9314,9310.7,9370.7,9302.9,66.06,0.55
23.08.2023,9315.6,9333.8,9395.4,9292.1,74.92,0.02
24.08.2023,9324.7,9385.9,9415.5,9321.5,67.8,0.1
25.08.2023,9338.9,9308.7,9414.2,9304.4,75.15,0.15
28.08.2023,9490.1,9398.1,9524.9,9397.7,73.88,1.62
29.08.2023,9581.2,9513.3,9592.7,9491.1,106.62,0.96
30.08.2023,9551.1,9595.9,9614.7,9531.9,99.87,-0.31
31.08.2023,9505.9,9557.9,9606.2,9505.9,212.3,-0.47
01.09.2023,9449.6,9513.9,9552.9,9449.6,108.27,-0.59
04.09.2023,9416.3,9486.7,9515,9396.2,69.16,-0.35
05.09.2023,9392,9397.9,9449.6,9353.2,87.07,-0.26
06.09.2023,9314.4,9380.5,9382,9289.3,139.46,-0.83
07.09.2023,9310,9288.8,9379.9,9277.8,112.16,-0.05
08.09.2023,9364.6,9358.2,9372.3,9238.5,92.06,0.59
11.09.2023,9435.2,9403.4,9457.9,9367.3,85.73,0.75
12.09.2023,9455.4,9454.9,9501.7,9448,107.66,0.21
13.09.2023,9424.1,9437,9448.3,9330.6,105.25,-0.33
14.09.2023,9549,9422.4,9563.1,9380,134,1.33
15.09.2023,9549.7,9605.6,9642,9524.7,348.28,0.01
18.09.2023,9482.1,9538.4,9553.9,9455.3,109.94,-0.71
19.09.2023,9527.2,9460.5,9550.1,9458.5,88.18,0.48
20.09.2023,9645.8,9550.2,9672.2,9539.1,125.81,1.24
21.09.2023,9548.9,9585.6,9606.8,9475.2,120.72,-1
22.09.2023,9502,9496.1,9542.6,9477,100.12,-0.49
25.09.2023,9386,9468.8,9523.9,9337.7,107.47,-1.22
26.09.2023,9366.9,9326.8,9405.4,9307.1,121.93,-0.2
27.09.2023,9331.9,9363.5,9420.9,9311.8,106.34,-0.37
28.09.2023,9426.8,9343.8,9442.3,9311.5,171.53,1.02
29.09.2023,9428,9458.7,9508.3,9423,139.26,0.01
02.10.2023,9319,9448.4,9495.1,9299.4,157.52,-1.16
03.10.2023,9165.5,9283.5,9369.6,9164,142.88,-1.65
04.10.2023,9102.9,9136.5,9186.4,9077.6,139.57,-0.68
05.10.2023,9157.7,9157.7,9193.3,9096,114.92,0.6
06.10.2023,9235.8,9180.9,9235.8,9110.4,122.39,0.85
09.10.2023,9151.3,9180.6,9223,9111.8,135.29,-0.91
10.10.2023,9352.1,9220.3,9371.9,9217.9,129.14,2.19
11.10.2023,9360.4,9302,9381.7,9297.5,108.81,0.09
12.10.2023,9336,9403.1,9434.5,9322,94.38,-0.26
13.10.2023,9232.9,9316.2,9363.4,9223.8,143.09,-1.1
16.10.2023,9287.1,9244.3,9306,9174.2,105.25,0.59
17.10.2023,9298.5,9264.8,9323.4,9219.5,79.83,0.12
18.10.2023,9212.7,9278.5,9305.7,9202.5,108.13,-0.92
19.10.2023,9146.8,9175.8,9189.7,9101.1,143.37,-0.72
20.10.2023,9029.1,9065.5,9098.3,9021.8,230.89,-1.29
23.10.2023,8995.5,9028.9,9037,8920.7,139.16,-0.37
24.10.2023,8975.8,9004,9029,8950.8,162.19,-0.22
25.10.2023,8984.8,8960.7,9000.8,8898,149.18,0.1
26.10.2023,8962.8,8924,8978.5,8879.3,164.23,-0.24
27.10.2023,8918.3,9016.1,9037.3,8904.1,178.44,-0.5
30.10.2023,9013.9,8953.9,9048.4,8945.9,164.43,1.07
31.10.2023,9017.3,8980.1,9084.9,8959.6,189.06,0.04
01.11.2023,9075,9039.9,9093.3,8999.8,121.7,0.64
02.11.2023,9260.4,9122.2,9278.1,9101.9,152.58,2.04
03.11.2023,9293.9,9294.7,9339.8,9249.6,152.57,0.36
06.11.2023,9241.5,9297.4,9313.6,9224.7,114.37,-0.56
07.11.2023,9235.9,9209.2,9279.8,9201.3,113.9,-0.06
08.11.2023,9283.8,9203.6,9326.5,9200.3,146.54,0.52
09.11.2023,9405.2,9293.2,9420.2,9291.2,133.34,1.31
10.11.2023,9371.7,9364.5,9415.2,9329.3,122.58,-0.36
13.11.2023,9461.7,9415.9,9463.3,9401,142.3,0.96
14.11.2023,9623.3,9489.3,9636.6,9471.8,171.92,1.71
15.11.2023,9640.7,9634.5,9684.9,9604,161.16,0.18
16.11.2023,9667.4,9654.6,9710.4,9652.5,132.37,0.28
17.11.2023,9761.4,9696.8,9774.7,9693.6,249.66,0.97
20.11.2023,9839,9760.9,9857,9759.7,144.06,0.79
21.11.2023,9827.5,9830.4,9858.4,9801.7,141.83,-0.12
22.11.2023,9887.4,9853.4,9897.2,9847.1,125.07,0.61
23.11.2023,9905.5,9891,9921.1,9873.9,111.6,0.18
24.11.2023,9939,9907.9,9957.3,9901.9,93.31,0.34
27.11.2023,9936.1,9925.9,9983.9,9925.8,112.1,-0.03
28.11.2023,10003.4,9924.6,10014.3,9919.5,118.65,0.68
29.11.2023,10062.6,10027.7,10097.9,10018.4,129.37,0.59
30.11.2023,10058.2,10082.4,10103.8,10053.8,252.84,-0.04
01.12.2023,10140.8,10084.5,10140.8,10080.9,117.75,0.82
04.12.2023,10178.3,10139.1,10201.7,10135.8,105.5,0.37
05.12.2023,10238.4,10177,10262.9,10166.1,137.17,0.59
06.12.2023,10258.1,10266.1,10301.3,10229.7,134.3,0.19
07.12.2023,10146,10225.4,10246.7,10113.9,210.7,-1.09
08.12.2023,10223.4,10155.1,10229.2,10139.4,139.11,0.76
11.12.2023,10198,10220.1,10226.6,10178.2,140.39,-0.25
12.12.2023,10118.7,10184.1,10198.4,10111.4,145.12,-0.78
13.12.2023,10096.1,10116,10158.7,10077,142.96,-0.22
14.12.2023,10171.7,10224.6,10257.8,10124.1,255.85,0.75
15.12.2023,10095.6,10194.9,10200.8,10050.7,330.24,-0.75
18.12.2023,10054.9,10064.4,10125.8,10039.3,134.02,-0.4
19.12.2023,10106.7,10054.1,10123.1,10023.8,115.24,0.52
20.12.2023,10101,10151.2,10158.2,10037.5,146.8,-0.06
21.12.2023,10104.3,10068.6,10108.5,10063.3,84.14,0.03
22.12.2023,10111.9,10094.2,10143.1,10081,91.97,0.08
25.12.2023,10111.9,10094.2,10143.1,10081,91.97,0
26.12.2023,10111.9,10094.2,10143.1,10081,91.97,0
27.12.2023,10121.8,10096.1,10146.8,10077.9,130.95,0.1
28.12.2023,10086.2,10124,10136.3,10074.6,95.15,-0.35
29.12.2023,10102.1,10092.2,10143.6,10090.9,101.94,0.16
02.01.2024,10182.1,10161.3,10287.9,10122.4,137.05,0.79
03.01.2024,10053.4,10183.2,10209.8,10038.1,136.61,-1.26
04.01.2024,10182.4,10070,10190.8,10067.5,110.89,1.28
05.01.2024,10164.5,10128.5,10192,10061.2,145.04,-0.18
08.01.2024,10209,10142.3,10209,10079.3,110.11,0.44
09.01.2024,10060.3,10158,10181.9,9994,157.19,-1.46
10.01.2024,10067.1,10052.7,10079.8,10017.8,136.82,0.07
11.01.2024,10004.9,10110.4,10151.8,10004.9,134.22,-0.62
12.01.2024,10094.8,10024.4,10134.7,10023.8,134.25,0.9
15.01.2024,10076.9,10119.3,10135.3,10048.6,87.93,-0.18
16.01.2024,9994.1,10021.4,10024.3,9955,138.28,-0.82
17.01.2024,9867.8,9914,9916.8,9826.6,133.88,-1.26
18.01.2024,9880.3,9877.5,9901.5,9798.8,134.13,0.13
19.01.2024,9858.3,9918.6,9931,9823.7,146.59,-0.22
22.01.2024,9968.1,9915.4,9980.8,9903.2,105.12,1.11
23.01.2024,9859.2,9984.3,10000.6,9845.1,119.17,-1.09
24.01.2024,9974,9899.2,9974,9892.8,126.37,1.16
25.01.2024,9916.6,9941.7,9941.7,9863.8,162.81,-0.58
26.01.2024,9936.6,9918,9973,9910.1,107.71,0.2
29.01.2024,9890.3,9939.5,9944,9864.2,112.77,-0.47
30.01.2024,10039.3,9906.5,10050.7,9888.4,139.74,1.51
31.01.2024,10077.7,10064.8,10128,10042.8,171.87,0.38
01.02.2024,10014,10034,10149.6,9986.4,208.76,-0.63
02.02.2024,10062.5,10087.6,10132.8,10033.7,161.36,0.48
05.02.2024,9941.3,10047.4,10083.1,9928.6,187.04,-1.2
06.02.2024,10003,9988.2,10013.6,9941.6,148.02,0.62
07.02.2024,9888.2,9977.8,9985.9,9871.6,154.16,-1.15
08.02.2024,9905.4,9913.1,9952.4,9899.4,110.77,0.17
09.02.2024,9896.6,9907.3,9921.4,9857.4,153.14,-0.09
12.02.2024,9984.7,9939.1,9987,9929.3,95.62,0.89
13.02.2024,9925.4,9986.8,10004.1,9908.2,131,-0.59
14.02.2024,9916.6,9923.7,9991.5,9913.3,119.51,-0.09
15.02.2024,9927.3,9955,9963.9,9861.2,113.53,0.11
16.02.2024,9886.4,9977.4,9978.4,9841.6,126.33,-0.41
19.02.2024,9944.8,9885,9954.8,9878.3,87.43,0.59
20.02.2024,10038.2,9941.7,10048.3,9926.5,118.74,0.94
21.02.2024,10107.2,10051.2,10127.3,10031.5,105.19,0.69
22.02.2024,10138.9,10174.9,10196.4,10120.9,155.63,0.31
23.02.2024,10130.6,10123.5,10136.7,10064.3,108.88,-0.08
26.02.2024,10138.4,10126.2,10157.3,10102.5,104.52,0.08
27.02.2024,10113.8,10113.5,10125.3,10058.4,110.77,-0.24
28.02.2024,10068.6,10099.2,10127.1,10028.9,128.59,-0.45
29.02.2024,10001.3,10054.4,10095.7,10001,340.77,-0.67
01.03.2024,10064.7,10014.5,10108,10008.8,172.08,0.63
04.03.2024,10069.8,10071,10084.5,10035.6,125.1,0.05
05.03.2024,10117.1,10060.5,10121.7,10032.1,132.43,0.47
06.03.2024,10197.2,10114,10246.2,10105.5,182.07,0.79
07.03.2024,10319.6,10167.1,10359.2,10164.8,202.03,1.2
08.03.2024,10305.7,10330.6,10366.9,10304.2,168.06,-0.13
11.03.2024,10325.7,10275.9,10330.9,10268.9,149.09,0.19
12.03.2024,10388.9,10355.9,10403.2,10342.9,185.34,0.61
13.03.2024,10560.5,10435.5,10594.1,10431.8,169.5,1.65
14.03.2024,10490.5,10561.7,10606.9,10476.5,160.55,-0.66
15.03.2024,10597.9,10491.9,10640.8,10489.7,487.58,1.02
18.03.2024,10596.7,10602.9,10657,10576.6,145.58,-0.01
19.03.2024,10701.4,10602.9,10711.6,10589.8,138.36,0.99
20.03.2024,10752.5,10700.6,10752.5,10680.3,142.72,0.48
21.03.2024,10867.5,10821.4,10931.7,10817.9,186.54,1.07
22.03.2024,10943.2,10857.3,10963.9,10846.7,170.4,0.7
25.03.2024,10952.2,10917.1,10986,10911.5,131.5,0.08
26.03.2024,10991.5,10962.1,11008.5,10950.2,139.64,0.36
27.03.2024,11111.3,11001,11140.1,11000.8,181.42,1.09
28.03.2024,11074.6,11071,11105.6,11057.4,182.53,-0.33
29.03.2024,11074.6,11071,11105.6,11057.4,182.53,0
02.04.2024,10975.6,11037.4,11095.5,10953.9,157.05,-0.89
03.04.2024,11032.3,10983.4,11052.8,10959.4,143.75,0.52
04.04.2024,11090.9,11045.3,11111.2,11042,167.47,0.53
05.04.2024,10916,10964.3,11000.2,10879.9,198.55,-1.58
08.04.2024,10911.8,10863.1,10932.3,10846,125.83,-0.04
09.04.2024,10816,10909,10909.1,10809.5,139.5,-0.88
10.04.2024,10775,10868.2,10879.2,10697.4,149.23,-0.38
11.04.2024,10649.8,10762.6,10782.6,10591.4,183.04,-1.16
12.04.2024,10686,10706.5,10781.6,10660.7,154.05,0.34
15.04.2024,10687.2,10670.7,10750.2,10660.2,144.07,0.01
16.04.2024,10526.9,10561.4,10605.5,10499.2,169.5,-1.5
17.04.2024,10633.9,10531.3,10704.2,10530,120.12,1.02
18.04.2024,10765,10695,10776.3,10686.2,164.34,1.23
19.04.2024,10729.5,10681.2,10747.1,10611.9,204.55,-0.33
22.04.2024,10890.2,10806.8,10895.8,10783.9,140.9,1.5
23.04.2024,11075.4,10929.4,11080,10924.3,156.01,1.7
24.04.2024,11027.8,11104.3,11110,11005,138.5,-0.43
25.04.2024,10983.7,11048.3,11095,10887.4,306.29,-0.4
26.04.2024,11154.6,11048.5,11168.7,11037,188.58,1.56
29.04.2024,11100.8,11181.4,11228.3,11057.8,201.55,-0.48
30.04.2024,10854.4,11058.3,11089.8,10839.4,314.56,-2.22
02.05.2024,10872,10854.3,10920.1,10845.8,254.7,0.16
03.05.2024,10854.7,10904.9,10953.3,10820.5,204.83,-0.16
06.05.2024,10917.5,10878.9,10945.7,10847.1,142.16,0.58
07.05.2024,11080.9,10971.3,11089.8,10958,206.44,1.5
08.05.2024,11153,11106,11160,11076.1,206.76,0.65
09.05.2024,11050.1,11104.9,11121.9,11004.9,212.33,-0.92
10.05.2024,11105.5,11045.7,11137.7,11045.1,155.65,0.5
13.05.2024,11152,11104.8,11152,11073.9,106.34,0.42
14.05.2024,11239.3,11179.3,11246.3,11138.4,137.1,0.78
15.05.2024,11362.8,11260.9,11377.1,11260.3,159.47,1.1
16.05.2024,11299.3,11377,11385.7,11293.4,141.06,-0.56
17.05.2024,11327.7,11256,11343,11246.6,143.7,0.25
20.05.2024,11339.5,11332.6,11371.5,11312.5,90.52,0.1
21.05.2024,11334.9,11328.2,11371.3,11291.5,123.35,-0.04
22.05.2024,11329,11323.7,11354.1,11268.4,123.19,-0.05
23.05.2024,11311.1,11332.8,11360.2,11277,109.14,-0.16
24.05.2024,11246,11235.9,11261.6,11169.2,110.21,-0.58
27.05.2024,11325.5,11260,11325.5,11248.9,69.18,0.71
28.05.2024,11276,11337.9,11355.1,11240,96.44,-0.44
29.05.2024,11145.1,11239.7,11260.9,11135,121.73,-1.16
30.05.2024,11338.2,11126.5,11350.9,11125.3,127.54,1.73
31.05.2024,11322,11353,11361.2,11278.6,714.44,-0.14
03.06.2024,11397.2,11408.4,11452.9,11378,128.8,0.66
04.06.2024,11286.4,11385.8,11402.2,11213.2,198.26,-0.97
05.06.2024,11353.1,11380.3,11412.4,11323.6,119.49,0.59
06.06.2024,11444,11386,11450.9,11357.7,108.48,0.8
07.06.2024,11404.9,11448.2,11469.9,11350.7,119.98,-0.34
10.06.2024,11357.2,11374.6,11375.3,11286.9,104.8,-0.42
11.06.2024,11175.5,11376.5,11378.2,11113.6,132.15,-1.6
12.06.2024,11245.4,11209.9,11273.9,11167,138.54,0.63
13.06.2024,11066.1,11213.9,11241.2,11049.1,150.31,-1.59
14.06.2024,10992.3,11063,11078.1,10874.1,214.02,-0.67
17.06.2024,10959.5,11041.3,11082.6,10881.5,117.34,-0.3
18.06.2024,11067.7,11008.9,11071.1,10955.8,104.53,0.99
19.06.2024,11056.4,11073.5,11095.4,11033.2,103.71,-0.1
20.06.2024,11160.5,11067.6,11166.4,11041.5,93.1,0.94
21.06.2024,11032.3,11160.5,11161.6,10969.2,271.06,-1.15
24.06.2024,11172.1,11051.1,11182.6,11040.1,98.2,1.27
25.06.2024,11118.9,11190.2,11190.4,11068.7,94.46,-0.48
26.06.2024,11030.5,11154,11170.8,10985.8,98.07,-0.8
27.06.2024,10951.5,11014,11018.9,10930.9,100.88,-0.72
28.06.2024,10943.7,10989.2,11000.2,10913,119.33,-0.07
01.07.2024,11057,11086.1,11141.2,11010.9,115.36,1.04
02.07.2024,10912.8,10980.7,10984.1,10837.4,108.68,-1.3
03.07.2024,11056.8,10974.6,11061.4,10945.2,102.6,1.32
04.07.2024,11066.3,11015.1,11074.2,11014.2,89.57,0.09
05.07.2024,11023.5,11081,11100.9,10957.4,92.71,-0.39
08.07.2024,11022.1,11002.4,11108,10977.7,126.98,-0.01
09.07.2024,10898.8,10991,10992.9,10876.8,104.09,-1.12
10.07.2024,11071.6,10927,11071.6,10902.2,109.69,1.59
11.07.2024,11170,11112.8,11195.8,11048.6,111.9,0.89
12.07.2024,11250.6,11192.8,11264.8,11178.6,86.44,0.72
15.07.2024,11143,11225,11225.9,11143,82.09,-0.96
16.07.2024,11090.5,11079.8,11104.9,11026.5,86.48,-0.47
17.07.2024,11105.2,11076.9,11137.3,11015.8,87.45,0.13
18.07.2024,11147.5,11142.5,11221.1,11124.4,99.68,0.38
19.07.2024,11087.5,11104.5,11144.6,11051.1,126.06,-0.54
22.07.2024,11143.8,11146.6,11201.8,11103.7,117.99,0.51
23.07.2024,11212.7,11154.3,11221.8,11097.5,101.47,0.62
24.07.2024,11210.1,11170.8,11245.5,11154.4,128.81,-0.02
25.07.2024,11145.6,11132.7,11158.1,11012,120.03,-0.58
26.07.2024,11165.9,11102.5,11177.6,11068.7,86.56,0.18
29.07.2024,11117.8,11224.4,11254.2,11089.7,76.5,-0.43
30.07.2024,11202.6,11131,11226.2,11123.9,98.25,0.76
31.07.2024,11065,11222.7,11232.9,11026.8,156.9,-1.23
01.08.2024,10854.3,11050,11061.2,10822.1,134.96,-1.9
02.08.2024,10672.9,10763.3,10841.1,10641.8,187.82,-1.67
05.08.2024,10423.4,10407.6,10479.5,10298.7,206.6,-2.34
06.08.2024,10390.5,10449.9,10488.6,10308.9,133.07,-0.32
07.08.2024,10599,10481,10632.6,10413.7,126.39,2.01
08.08.2024,10558,10521.3,10577.3,10445.7,78.72,-0.39
09.08.2024,10638.5,10600.5,10687.7,10571.4,63.17,0.76
12.08.2024,10646.2,10681.1,10714.4,10611.4,61.52,0.07
13.08.2024,10723.8,10680.5,10730.7,10645.7,67.6,0.73
14.08.2024,10753,10768.8,10778,10720,56.77,0.27
15.08.2024,10885.6,10786.2,10889,10744.6,77.13,1.23
16.08.2024,10949.7,10904,10961.6,10891.7,68.79,0.59
19.08.2024,11102.5,10968.8,11112.4,10966.9,76.9,1.4
20.08.2024,11087.8,11130.5,11151.9,11056.5,68.43,-0.13
21.08.2024,11114.9,11080.8,11127.2,11066.3,66.68,0.24
22.08.2024,11156.3,11110.4,11207.5,11107.4,73.24,0.37
23.08.2024,11278.1,11183,11285.2,11178.7,76.13,1.09
26.08.2024,11265.5,11261.2,11301.9,11239.6,60.32,-0.11
27.08.2024,11326.9,11272,11328.1,11266.7,96.01,0.55
28.08.2024,11332,11351.2,11375.5,11308.1,78.99,0.05
29.08.2024,11358.6,11334.4,11398.8,11326.4,77.35,0.23
30.08.2024,11401.9,11372.7,11441.8,11371.6,199.32,0.38
02.09.2024,11395.3,11395.3,11422.4,11337.5,71.11,-0.06
03.09.2024,11279.2,11401.1,11429.4,11257.5,100.57,-1.02
04.09.2024,11213.9,11149.3,11238.3,11138.8,110.56,-0.58
05.09.2024,11273.5,11166.8,11317.3,11152.2,96.55,0.53
06.09.2024,11173,11238.4,11329.9,11157.2,108.7,-0.89
09.09.2024,11272.8,11222.1,11295,11214.5,76.64,0.89
10.09.2024,11203.5,11264.2,11369,11177,95.94,-0.61
11.09.2024,11278.9,11249.1,11334.9,11221.7,97.78,0.67
12.09.2024,11400.2,11397.3,11445.9,11336.9,101.21,1.08
13.09.2024,11540.2,11429.5,11569.1,11418.9,109.31,1.23
16.09.2024,11581,11518.2,11592.5,11510,81.42,0.35
17.09.2024,11703.4,11621.9,11753.9,11620.7,124.05,1.06
18.09.2024,11684.7,11699.2,11720.2,11664.3,96.28,-0.16
19.09.2024,11778.1,11799.6,11808.2,11710,129.91,0.8
20.09.2024,11753.3,11751.6,11826.7,11747.9,307.52,-0.21
23.09.2024,11797.9,11761,11836.3,11721,97.74,0.38
24.09.2024,11837,11851,11867,11759.5,86.97,0.33
25.09.2024,11792.6,11777.4,11856.9,11766.3,81.76,-0.38
26.09.2024,11953.2,11879,11975.8,11875.5,125.01,1.36
27.09.2024,11967.9,11933.3,12004.6,11933,129.7,0.12
30.09.2024,11877.3,11929,11971.8,11876,128.53,-0.76
01.10.2024,11673.5,11891.9,11897.6,11625.8,177.88,-1.72
02.10.2024,11609.8,11656.5,11675.5,11570.4,133.89,-0.55
03.10.2024,11618,11591.7,11664.3,11563.8,112.48,0.07
04.10.2024,11659.2,11615.2,11668.4,11594.4,131.35,0.35
07.10.2024,11717.5,11707.6,11781.2,11655.4,111.4,0.5
08.10.2024,11734.7,11637.9,11734.7,11606,90.59,0.15
09.10.2024,11741.5,11729.8,11745.5,11670.5,70.81,0.06
10.10.2024,11656.7,11731.4,11769.6,11589,93.71,-0.72
11.10.2024,11720,11647.6,11729.3,11636.7,73.63,0.54
14.10.2024,11850.9,11714.4,11850.9,11712.1,76.11,1.12
15.10.2024,11930.2,11884.4,11962.2,11864,113.97,0.67
16.10.2024,11996.7,11906.5,12024.1,11897.5,106.35,0.56
17.10.2024,11904.5,11999.3,12037.9,11904.5,95.91,-0.77
18.10.2024,11925.2,11871.9,11934.9,11821.6,135.86,0.17
21.10.2024,11841.1,11887.9,11932.1,11826.6,84.3,-0.71
22.10.2024,11832.7,11836,11840.2,11682.3,94.83,-0.07
23.10.2024,11865.2,11834.5,11887.1,11808.1,85.37,0.27
24.10.2024,11839.8,11859.8,11925.4,11839.2,86.01,-0.21
25.10.2024,11812.5,11831.5,11870,11782.2,86.78,-0.23
28.10.2024,11904,11863.9,11918.5,11817.2,90.06,0.77
29.10.2024,11795.3,11959,11962.5,11786.5,131.02,-0.91
30.10.2024,11715,11748.5,11754.5,11634.1,125.77,-0.68
31.10.2024,11672.6,11640.3,11717.3,11615.4,152.93,-0.36
01.11.2024,11843,11671.9,11851,11670.6,116.08,1.46
04.11.2024,11805.1,11823.2,11892.1,11805.1,118.54,-0.32
05.11.2024,11839.2,11779.5,11847.4,11769.7,106.57,0.29
06.11.2024,11495.3,11779.4,11794.7,11461.2,215.4,-2.9
07.11.2024,11570.1,11537.3,11623,11512.6,162.86,0.65
08.11.2024,11551.6,11552.3,11617.5,11515.6,162.9,-0.16
11.11.2024,11597.3,11644,11667.7,11593,98.36,0.4
12.11.2024,11382.6,11475.4,11550.6,11378.9,119.02,-1.85
13.11.2024,11377.1,11361.2,11442.4,11295,107.4,-0.05
14.11.2024,11524.3,11403.5,11536.2,11369,103.8,1.29
15.11.2024,11635.9,11478.8,11664.6,11472,125.5,0.97
18.11.2024,11674.8,11640.8,11674.8,11591.8,94.91,0.33
19.11.2024,11588.4,11672.6,11677,11428,135.96,-0.74
20.11.2024,11589.5,11643.3,11720.7,11548.6,105.32,0.01
21.11.2024,11611.7,11592.9,11631.7,11513.8,100.85,0.19
22.11.2024,11656.6,11633.7,11674,11520.9,158.6,0.39
25.11.2024,11711.8,11732.7,11767.6,11679.6,251.67,0.47
26.11.2024,11617.9,11619.8,11662.7,11575,106.15,-0.8
27.11.2024,11579.5,11596,11605,11486.1,109.15,-0.33
28.11.2024,11610.8,11615.7,11656.9,11600.7,79.73,0.27
29.11.2024,11641.3,11563.4,11657.1,11531,109.06,0.26
02.12.2024,11735.3,11581.4,11785,11577.8,92.36,0.81
03.12.2024,11873.6,11743.9,11889.2,11742.4,98.39,1.18
04.12.2024,11931.6,11890.3,11975.9,11890.1,99.57,0.49
05.12.2024,12118.7,11939.2,12128.8,11939.1,143.78,1.57
06.12.2024,12072,12106.4,12153.6,12059,83.93,-0.39
09.12.2024,12011.5,12091.4,12114.7,11999.4,88.3,-0.5
10.12.2024,11965.5,11981.8,12021.9,11965.5,92.53,-0.38
11.12.2024,11789.3,11944.9,11950.6,11771.9,106.11,-1.47
12.12.2024,11764.8,11778.1,11819.3,11741.8,122.24,-0.21
13.12.2024,11752.1,11768.1,11857.6,11744.3,95.01,-0.11
16.12.2024,11778.6,11733.8,11794.2,11721.4,104.56,0.23
17.12.2024,11588.1,11712.6,11738.5,11588.1,138.71,-1.62
18.12.2024,11617.9,11599.4,11669.6,11558.7,101.93,0.26
19.12.2024,11439.9,11423,11481.4,11401.7,138.52,-1.53
20.12.2024,11467.3,11373.7,11489.2,11310.5,246.52,0.24
23.12.2024,11435.7,11462.4,11474.9,11399.1,74.79,-0.28
24.12.2024,11473.9,11470,11485.7,11446.2,30.48,0.33
25.12.2024,11473.9,11470,11485.7,11446.2,30.48,0
27.12.2024,11531.6,11453,11531.6,11421.9,78.83,0.5
30.12.2024,11536.8,11478.4,11600.4,11470.8,85.85,0.05
31.12.2024,11595,11530,11613.4,11525.4,47.63,0.5
02.01.2025,11676.9,11610.9,11676.9,11456.2,105.38,0.71
03.01.2025,11651.6,11682.9,11701.8,11635.5,71.18,-0.22
06.01.2025,11808.2,11693,11808.2,11613.7,108.99,1.34
07.01.2025,11811.9,11797.1,11866.6,11724.6,115.31,0.03
08.01.2025,11798.1,11799.9,11871.7,11709.4,123.03,-0.12
09.01.2025,11899.3,11756.2,11904.2,11753.8,97.93,0.86
10.01.2025,11720.9,11862.5,11877.2,11703.8,133.3,-1.5
13.01.2025,11688.2,11662.5,11707.5,11637,109.07,-0.28
14.01.2025,11752.1,11746,11797.2,11721.5,120.3,0.55
15.01.2025,11898.5,11788.8,11923.5,11750.9,124.47,1.25
16.01.2025,11840.6,11971.7,11973.3,11801.2,118.29,-0.49
17.01.2025,11916.3,11883.1,11940.8,11873.5,120.72,0.64
20.01.2025,11943.6,11921.1,11991.5,11905.3,135.78,0.23
21.01.2025,11927.4,11884.7,11934.3,11851.3,98.75,-0.14
22.01.2025,11882.7,11932.9,11963.7,11843.6,119.1,-0.37
23.01.2025,11991.5,11873.8,12001.3,11860.6,121.48,0.92
24.01.2025,11982.6,12040.2,12050.3,11933.3,105.56,-0.07
27.01.2025,11997.1,11887.5,12032.9,11882.3,105.75,0.12
28.01.2025,12154.2,11983.5,12183,11975,102.21,1.31
29.01.2025,12286.5,12200.3,12290.9,12197.3,123.73,1.09
30.01.2025,12419.6,12330.2,12424.4,12326.2,122.51,1.08
31.01.2025,12368.9,12450.5,12465.6,12357.8,107.14,-0.41
03.02.2025,12205.8,12114.2,12264.8,12101.3,147.69,-1.32
04.02.2025,12372.8,12214.2,12388.5,12173.9,121.12,1.37
05.02.2025,12536.7,12422,12536.7,12420.3,189.28,1.32
06.02.2025,12731,12576.5,12743.7,12574.3,182.98,1.55
07.02.2025,12688.9,12740.9,12775.6,12672.6,129.94,-0.33
10.02.2025,12708.8,12681.2,12739.3,12664.6,104.17,0.16
11.02.2025,12774.8,12696.1,12778.3,12680.9,132.44,0.52
12.02.2025,12911.5,12816.7,12919.9,12810.1,152.2,1.07
13.02.2025,12936.3,12964.2,12974.9,12882.4,123.54,0.19
14.02.2025,12956,12909.5,12984.6,12878.9,123.29,0.15
17.02.2025,13016.9,12942.2,13033.7,12942,98.46,0.47
18.02.2025,13143.9,13026.6,13158.6,13014.9,127.41,0.98
19.02.2025,12929.4,13103.7,13157.3,12914.2,131.03,-1.63
20.02.2025,12967.1,12927.9,13026.3,12918.5,127.11,0.29
21.02.2025,12952,12952.1,12987.9,12894.6,125.14,-0.12
24.02.2025,13012.9,12970.6,13052,12927.2,120.8,0.47
25.02.2025,13116.8,12965.1,13219.4,12960.8,150.76,0.8
26.02.2025,13332,13130.8,13339.7,13126.9,125.56,1.64
27.02.2025,13270.6,13221.4,13316.7,13178,159.41,-0.46
28.02.2025,13347.3,13240.2,13347.3,13215.7,251.58,0.58
03.03.2025,13373.1,13349.3,13446.4,13218.7,153.78,0.19
04.03.2025,13031.7,13248.2,13282,12997.1,195.2,-2.55
05.03.2025,13214,13230.2,13348.2,13206.4,177.35,1.4
06.03.2025,13234.2,13274,13319.6,13099.9,176.62,0.15
07.03.2025,13257.1,13142.9,13291.3,13114.7,134.51,0.17
10.03.2025,13082.7,13262.4,13291.3,13050.4,164.74,-1.32
11.03.2025,12877.3,13070.1,13138,12840.9,173.67,-1.57
12.03.2025,12804,12944.8,12964.3,12708.2,139.43,-0.57
13.03.2025,12821.3,12743.1,12894.9,12729,112.71,0.14
14.03.2025,13005.2,12809.3,13007.4,12788,127.74,1.43
17.03.2025,13147.2,13009.6,13147.2,12974.2,112.26,1.09
18.03.2025,13354.7,13178.5,13354.7,13153.6,159.89,1.58
19.03.2025,13408.1,13271.2,13427.9,13248.1,118.52,0.4
20.03.2025,13306.3,13407.5,13464.7,13232.9,131.94,-0.76
21.03.2025,13350.2,13257.8,13358.6,13213,327.77,0.33
24.03.2025,13323.3,13429.6,13478.8,13303.3,105.61,-0.2
25.03.2025,13484.3,13368.8,13515.1,13363.5,111.2,1.21
26.03.2025,13432.2,13484.9,13505.9,13414.3,109.26,-0.39
27.03.2025,13422.6,13328.3,13463.4,13270.8,107.01,-0.07
28.03.2025,13309.3,13363.4,13440.9,13258.2,121.57,-0.84
31.03.2025,13135.4,13224.6,13249.8,13051.8,167.06,-1.31
01.04.2025,13297,13191.6,13330.9,13155.3,123.05,1.23
02.04.2025,13350.2,13268.2,13350.2,13234.9,107.76,0.4
03.04.2025,13191.2,13141.3,13281.3,13107.4,209.8,-1.19
04.04.2025,12422,13084,13091.6,12236.4,371.36,-5.83
07.04.2025,11785.8,12091.3,12322.8,11583,423.01,-5.12
08.04.2025,12065.6,11920.7,12203.1,11699.4,232.2,2.37
09.04.2025,11797.6,11752.9,11924.7,11612.7,221.64,-2.22
10.04.2025,12307.6,12785.9,12843.1,12307.6,277.11,4.32
11.04.2025,12286,12364.2,12419,12157.4,135.19,-0.18
14.04.2025,12609.8,12540.6,12633.8,12419.5,120.62,2.64
15.04.2025,12879.3,12652.4,12881.1,12626.6,124.67,2.14
16.04.2025,12942.1,12848.5,12942.1,12756.1,127.31,0.49
17.04.2025,12918,12934,12965.7,12852,118.97,-0.19
18.04.2025,12918,12934,12965.7,12852,118.97,0
22.04.2025,13010.6,12830.3,13010.6,12812,109.91,0.72
23.04.2025,13208.3,13170.1,13215.8,13099,163.12,1.52
24.04.2025,13179.7,13168.3,13241.4,13110.2,104.44,-0.22
25.04.2025,13355.3,13284.6,13375.9,13254.9,115.01,1.33
28.04.2025,13456.1,13415.9,13472,13377.7,117.16,0.75
29.04.2025,13366.9,13471,13490.8,13292,116.56,-0.66
30.04.2025,13287.8,13368.4,13379.1,13074.8,200.8,-0.59
02.05.2025,13446.7,13415.1,13446.7,13316,141.23,1.2
05.05.2025,13518,13473.5,13521.1,13462.1,85.37,0.53
06.05.2025,13530.2,13551.2,13579.6,13408,111.7,0.09
07.05.2025,13480.4,13510.5,13531.9,13423.5,118.46,-0.37
08.05.2025,13488.9,13493.9,13507,13428.9,136.31,0.06
09.05.2025,13554.1,13505.4,13586,13471.3,127.55,0.48
12.05.2025,13655.3,13653.6,13740.2,13558.1,144.19,0.75
13.05.2025,13769.1,13664.3,13800.7,13650.6,118.48,0.83
14.05.2025,13840.2,13777,13846.7,13754.6,158.38,0.52
15.05.2025,13930.2,13806.9,13930.2,13785.8,111.2,0.65
16.05.2025,14064.5,13981.7,14064.5,13953.7,122.34,0.96
19.05.2025,14099,14074,14099.5,14003.2,104.24,0.25
20.05.2025,14323.4,14153.1,14348.1,14140.4,140.96,1.59
21.05.2025,14307.6,14279.5,14370.8,14253.3,114.28,-0.11
22.05.2025,14272.5,14228.4,14272.5,14157.5,106.12,-0.25
23.05.2025,14104.1,14288,14341.8,13851.6,173.06,-1.18
26.05.2025,14221.6,14259.4,14275.3,14199.4,87.07,0.83
27.05.2025,14239.9,14198.3,14299.1,14164.4,115.08,0.13
28.05.2025,14100.6,14208,14262.5,14094.8,107.7,-0.98
29.05.2025,14116.6,14185.1,14187.5,14088.9,83.48,0.11
30.05.2025,14152.2,14129.2,14214.6,14099.9,449.12,0.25
02.06.2025,14202.8,14105.9,14234.4,14099.6,89.79,0.36
03.06.2025,14128.4,14239.6,14249.2,14080.5,104.04,-0.52
04.06.2025,14101.3,14175.8,14185.2,14036.4,101.95,-0.19
05.06.2025,14203.7,14082.3,14204.9,14038.3,98.9,0.73
06.06.2025,14247.6,14193.7,14286.1,14179.1,78.32,0.31
09.06.2025,14251.3,14231.2,14292.3,14206.3,75.59,0.03
10.06.2025,14221.1,14249,14297,14221.1,100.38,-0.21
11.06.2025,14134.1,14157.3,14186,14078.5,98.42,-0.61
12.06.2025,14088.9,14062.6,14134.3,13957.9,102.18,-0.32
13.06.2025,13910.6,13915.9,13925,13829.5,129.99,-1.27
16.06.2025,14110.8,13927.3,14132.3,13925.2,140.85,1.44
17.06.2025,13911.7,13989,14000.4,13864,112.46,-1.41
18.06.2025,13923.2,13904.6,13968.3,13846.9,94.9,0.08
19.06.2025,13744.9,13862.4,13896.6,13744.1,82.22,-1.28
20.06.2025,13850.3,13754.4,13925,13753.5,286.49,0.77
23.06.2025,13839.4,13763.7,13881.2,13737.2,101.05,-0.08
24.06.2025,14035.1,14032.3,14086.1,13963.6,143.21,1.41
25.06.2025,13811.8,14054.6,14057.7,13810.8,107.09,-1.59
26.06.2025,13815.5,13847.2,13892.5,13789.1,93.45,0.03
27.06.2025,13969,13868.4,13969,13856.8,100.09,1.11
30.06.2025,13991.9,14025.6,14029.1,13894.4,110.47,0.16
01.07.2025,13987.4,14007.8,14042.9,13947.5,97.95,-0.03
02.07.2025,14044.6,14042.4,14104.4,13988.1,132.18,0.41
03.07.2025,14182.9,14068.5,14182.9,14015.4,104.28,0.98
04.07.2025,13973,14088.8,14121.5,13916.9,83.27,-1.48
07.07.2025,14074.8,13959.5,14074.8,13933.7,100.28,0.73
08.07.2025,14079.5,14098.3,14119.2,14045.3,120.47,0.03
09.07.2025,14254.4,14117,14254.4,14112.5,123.33,1.24
10.07.2025,14141.6,14266.6,14273.1,14126.5,110.94,-0.79
11.07.2025,14015.5,14070.5,14109.5,13990.89,27.83,-0.89
