Timestamp,Vibration (mm/s),Temperature (°C),Pressure (bar),RMS Vibration,Mean Temp
10/03/2023 00:00,0.437086107,64.81063431,7.785117051,0.601656537,90.56138441
10/03/2023 00:01,0.955642876,93.35207579,7.740936397,0.601656537,90.56138441
10/03/2023 00:02,0.758794548,119.8356669,9.718763742,0.601656537,90.56138441
10/03/2023 00:03,0.638792636,108.5779909,7.7486386,0.601656537,90.56138441
10/03/2023 00:04,0.240416776,114.5248918,7.815849178,0.601656537,90.56138441
10/03/2023 00:05,0.240395068,102.7026693,9.278194787,0.601656537,90.56138441
10/03/2023 00:06,0.152275251,105.3821252,8.349219527,0.601656537,90.56138441
10/03/2023 00:07,0.879558531,117.9356521,9.330131671,0.601656537,90.56138441
10/03/2023 00:08,0.641003511,69.97344071,7.196098473,0.601656537,90.56138441
10/03/2023 00:09,0.73726532,89.15399709,8.462713581,0.601656537,90.56138441
10/03/2023 00:10,0.118526045,67.69675535,7.100840801,0.601656537,90.56138441
10/03/2023 00:11,0.972918867,129.0134406,7.18795961,0.601656537,90.56138441
10/03/2023 00:12,0.849198377,125.5247472,9.71931236,0.601656537,90.56138441
10/03/2023 00:13,0.2911052,53.15414491,7.417736113,0.601656537,90.56138441
10/03/2023 00:14,0.26364247,106.4460138,8.597262047,0.601656537,90.56138441
10/03/2023 00:15,0.265064059,124.0198654,8.233286808,0.601656537,90.56138441
10/03/2023 00:16,0.373818019,64.44602761,8.042029979,0.601656537,90.56138441
10/03/2023 00:17,0.572280788,95.43561844,9.699500037,0.601656537,90.56138441
10/03/2023 00:18,0.488750517,123.2390638,7.06547019,0.601656537,90.56138441
10/03/2023 00:19,0.362106226,52.71567829,8.991369059,0.601656537,90.56138441
10/03/2023 00:20,0.650667605,105.7936214,9.890183303,0.601656537,90.56138441
10/03/2023 00:21,0.225544475,73.78792059,8.68050455,0.601656537,90.56138441
10/03/2023 00:22,0.362930184,123.9516956,9.810467386,0.601656537,90.56138441
10/03/2023 00:23,0.429725659,127.6846596,7.156773638,0.601656537,90.56138441
10/03/2023 00:24,0.510462986,125.5413191,8.256379957,0.601656537,90.56138441
10/03/2023 00:25,0.806658365,87.93713733,7.780473373,0.601656537,90.56138441
10/03/2023 00:26,0.279706404,118.9634121,9.192462895,0.601656537,90.56138441
10/03/2023 00:27,0.562810995,117.5639519,9.943891271,0.601656537,90.56138441
10/03/2023 00:28,0.633173112,75.52803786,7.769590187,0.601656537,90.56138441
10/03/2023 00:29,0.141805371,116.3132379,8.962523804,0.601656537,90.56138441
10/03/2023 00:30,0.646790367,52.96061078,7.594292898,0.601656537,90.56138441
10/03/2023 00:31,0.253471711,97.70159028,8.695990764,0.601656537,90.56138441
10/03/2023 00:32,0.158546434,68.40070698,8.39179746,0.601656537,90.56138441
10/03/2023 00:33,0.953996984,59.64535086,9.916015989,0.601656537,90.56138441
10/03/2023 00:34,0.96906883,56.15625613,8.825581818,0.601656537,90.56138441
10/03/2023 00:35,0.827557613,105.7031021,8.048519116,0.601656537,90.56138441
10/03/2023 00:36,0.374152392,77.1899971,7.342287355,0.601656537,90.56138441
10/03/2023 00:37,0.187904903,107.9813417,7.453740486,0.601656537,90.56138441
10/03/2023 00:38,0.715809724,55.22850726,7.67595079,0.601656537,90.56138441
10/03/2023 00:39,0.496137244,75.22322703,7.752899984,0.601656537,90.56138441
10/03/2023 00:40,0.209834411,93.15930339,9.551848174,0.601656537,90.56138441
10/03/2023 00:41,0.545659219,113.2578532,8.683668365,0.601656537,90.56138441
10/03/2023 00:42,0.130949669,75.50020023,8.570172734,0.601656537,90.56138441
10/03/2023 00:43,0.918388362,100.0713101,7.344306616,0.601656537,90.56138441
10/03/2023 00:44,0.332901983,120.8782199,9.58041908,0.601656537,90.56138441
10/03/2023 00:45,0.696270056,99.26905505,9.16844291,0.601656537,90.56138441
10/03/2023 00:46,0.380539968,68.63675798,7.203005086,0.601656537,90.56138441
10/03/2023 00:47,0.568061219,51.95206252,9.123505292,0.601656537,90.56138441
10/03/2023 00:48,0.592039251,119.6079099,8.630614652,0.601656537,90.56138441
10/03/2023 00:49,0.26636901,51.70155287,7.245176037,0.601656537,90.56138441
10/03/2023 00:50,0.972626165,119.9761338,8.374901925,0.601656537,90.56138441
10/03/2023 00:51,0.797619541,92.31497072,8.454088861,0.601656537,90.56138441
10/03/2023 00:52,0.945549047,125.1254159,7.49732362,0.601656537,90.56138441
10/03/2023 00:53,0.905344615,113.9026589,9.837094441,0.601656537,90.56138441
10/03/2023 00:54,0.638109981,129.8347288,9.549926114,0.601656537,90.56138441
10/03/2023 00:55,0.929686812,78.05694524,9.007067012,0.601656537,90.56138441
10/03/2023 00:56,0.179643252,111.3750631,8.386886683,0.601656537,90.56138441
10/03/2023 00:57,0.276384576,82.15447309,8.235296625,0.601656537,90.56138441
10/03/2023 00:58,0.14070456,88.39004962,8.952920401,0.601656537,90.56138441
10/03/2023 00:59,0.392797298,100.2004371,8.636295608,0.601656537,90.56138441
10/03/2023 01:00,0.449809561,119.8941691,7.186819318,0.601656537,90.56138441
10/03/2023 01:01,0.344214129,128.7266775,8.537507946,0.601656537,90.56138441
10/03/2023 01:02,0.845863758,111.4618731,9.419210852,0.601656537,90.56138441
10/03/2023 01:03,0.421077994,83.42134257,8.377719633,0.601656537,90.56138441
10/03/2023 01:04,0.352841059,83.70856018,7.155869733,0.601656537,90.56138441
10/03/2023 01:05,0.588426475,109.0065841,9.358834598,0.601656537,90.56138441
10/03/2023 01:06,0.226831802,69.10217166,7.604091346,0.601656537,90.56138441
10/03/2023 01:07,0.821977283,58.83792905,7.775862505,0.601656537,90.56138441
10/03/2023 01:08,0.167095579,78.36977261,7.49411906,0.601656537,90.56138441
10/03/2023 01:09,0.988198243,72.97911933,7.990645195,0.601656537,90.56138441
10/03/2023 01:10,0.795020292,73.70464964,9.270254517,0.601656537,90.56138441
10/03/2023 01:11,0.278844113,68.68862008,8.558157579,0.601656537,90.56138441
10/03/2023 01:12,0.104969905,53.36745517,7.614643822,0.601656537,90.56138441
10/03/2023 01:13,0.833915286,51.42991478,9.633490234,0.601656537,90.56138441
10/03/2023 01:14,0.736171609,129.0177912,9.638745565,0.601656537,90.56138441
10/03/2023 01:15,0.756106451,84.2218507,9.611735275,0.601656537,90.56138441
10/03/2023 01:16,0.794143312,80.74613177,7.716388634,0.601656537,90.56138441
10/03/2023 01:17,0.166640187,104.3717826,8.353718033,0.601656537,90.56138441
10/03/2023 01:18,0.422619156,67.46031103,9.954968968,0.601656537,90.56138441
10/03/2023 01:19,0.204282154,125.9968947,9.316037429,0.601656537,90.56138441
10/03/2023 01:20,0.876793083,112.9076012,7.081502264,0.601656537,90.56138441
10/03/2023 01:21,0.660968314,57.15288018,7.195613774,0.601656537,90.56138441
10/03/2023 01:22,0.397808222,83.40646206,8.39179413,0.601656537,90.56138441
10/03/2023 01:23,0.157202515,120.3294646,9.727660618,0.601656537,90.56138441
10/03/2023 01:24,0.37988409,125.5785618,8.616105394,0.601656537,90.56138441
10/03/2023 01:25,0.39266499,87.3921209,8.493437524,0.601656537,90.56138441
10/03/2023 01:26,0.756645561,99.07291114,7.3164211,0.601656537,90.56138441
10/03/2023 01:27,0.673801724,63.36271569,8.970340314,0.601656537,90.56138441
10/03/2023 01:28,0.898491468,129.2934901,9.466309482,0.601656537,90.56138441
10/03/2023 01:29,0.524993433,68.53373611,8.141260023,0.601656537,90.56138441
10/03/2023 01:30,0.207634821,125.4185419,9.326835553,0.601656537,90.56138441
10/03/2023 01:31,0.741920309,101.9717319,9.893429962,0.601656537,90.56138441
10/03/2023 01:32,0.784706544,98.61894359,7.611299377,0.601656537,90.56138441
10/03/2023 01:33,0.605149478,91.01508088,8.569988894,0.601656537,90.56138441
10/03/2023 01:34,0.793870462,68.45358494,7.861413874,0.601656537,90.56138441
10/03/2023 01:35,0.544416037,64.12224256,9.378563257,0.601656537,90.56138441
10/03/2023 01:36,0.570459546,67.63889673,8.732780098,0.601656537,90.56138441
10/03/2023 01:37,0.484786917,64.91506097,8.903747253,0.601656537,90.56138441
10/03/2023 01:38,0.122877214,112.3667579,9.393742479,0.601656537,90.56138441
10/03/2023 01:39,0.197102284,78.01002073,8.187911418,0.601656537,90.56138441
10/03/2023 01:40,0.128286267,54.62741413,9.745270205,0.601656537,90.56138441
10/03/2023 01:41,0.67276937,127.5282104,8.599086602,0.601656537,90.56138441
10/03/2023 01:42,0.382920383,120.7028708,7.473864469,0.601656537,90.56138441
10/03/2023 01:43,0.557713622,124.2201827,9.087697355,0.601656537,90.56138441
10/03/2023 01:44,0.916809827,129.5926258,9.379784051,0.601656537,90.56138441
10/03/2023 01:45,0.324363006,63.91161994,7.950285031,0.601656537,90.56138441
10/03/2023 01:46,0.469344631,81.69936151,9.571537771,0.601656537,90.56138441
10/03/2023 01:47,0.779996025,110.6590781,9.718429764,0.601656537,90.56138441
10/03/2023 01:48,0.305918349,105.6816494,7.830713462,0.601656537,90.56138441
10/03/2023 01:49,0.169281919,62.31167251,9.950564418,0.601656537,90.56138441
10/03/2023 01:50,0.360776308,115.26665,7.422134584,0.601656537,90.56138441
10/03/2023 01:51,0.245099159,67.95524575,7.606047005,0.601656537,90.56138441
10/03/2023 01:52,0.936727887,67.90540919,7.552674518,0.601656537,90.56138441
10/03/2023 01:53,0.827308342,92.95795383,9.68196913,0.601656537,90.56138441
10/03/2023 01:54,0.670063381,97.43519479,8.962877657,0.601656537,90.56138441
10/03/2023 01:55,0.884314531,96.40689663,7.45631285,0.601656537,90.56138441
10/03/2023 01:56,0.823304869,57.31894699,8.320970255,0.601656537,90.56138441
10/03/2023 01:57,0.267913053,120.196869,8.845894075,0.601656537,90.56138441
10/03/2023 01:58,0.903303099,71.24800341,7.250392255,0.601656537,90.56138441
10/03/2023 01:59,0.585408018,60.3611937,9.647249105,0.601656537,90.56138441
10/03/2023 02:00,0.82669614,121.0998464,9.410810606,0.601656537,90.56138441
10/03/2023 02:01,0.90648217,126.4521199,8.515620321,0.601656537,90.56138441
10/03/2023 02:02,0.386203127,118.9702094,9.901379846,0.601656537,90.56138441
10/03/2023 02:03,0.199046732,114.761286,8.253282938,0.601656537,90.56138441
10/03/2023 02:04,0.305141646,102.4193585,9.952330957,0.601656537,90.56138441
10/03/2023 02:05,0.48439701,94.06858965,9.003759996,0.601656537,90.56138441
10/03/2023 02:06,0.836213289,56.95894079,8.90401382,0.601656537,90.56138441
10/03/2023 02:07,0.874657525,82.67625705,7.497864686,0.601656537,90.56138441
10/03/2023 02:08,0.106256917,79.81508136,9.645783275,0.601656537,90.56138441
10/03/2023 02:09,0.559672572,70.7803027,8.282469064,0.601656537,90.56138441
10/03/2023 02:10,0.475669903,107.8736091,7.486700217,0.601656537,90.56138441
10/03/2023 02:11,0.299897029,89.67005881,7.03782256,0.601656537,90.56138441
10/03/2023 02:12,0.207878831,56.48369727,8.679267051,0.601656537,90.56138441
10/03/2023 02:13,0.403853654,67.61465616,8.582198866,0.601656537,90.56138441
10/03/2023 02:14,0.948618734,104.6607011,9.158060867,0.601656537,90.56138441
10/03/2023 02:15,0.390882639,56.09046876,9.670774159,0.601656537,90.56138441
10/03/2023 02:16,0.56691156,118.0965531,7.238219754,0.601656537,90.56138441
10/03/2023 02:17,0.732717063,89.61172216,9.194489471,0.601656537,90.56138441
10/03/2023 02:18,0.427266642,88.44692619,7.562235832,0.601656537,90.56138441
10/03/2023 02:19,0.974603874,97.39262277,9.574531159,0.601656537,90.56138441
10/03/2023 02:20,0.966202565,115.9744773,9.457190542,0.601656537,90.56138441
10/03/2023 02:21,0.326604066,77.82473663,8.622381265,0.601656537,90.56138441
10/03/2023 02:22,0.547523655,104.2412922,9.130728396,0.601656537,90.56138441
10/03/2023 02:23,0.370790479,95.25855712,7.94305034,0.601656537,90.56138441
10/03/2023 02:24,0.356356445,71.36226161,8.413503697,0.601656537,90.56138441
10/03/2023 02:25,0.133198253,120.2903989,9.464910693,0.601656537,90.56138441
10/03/2023 02:26,0.648607901,113.7940817,8.377795592,0.601656537,90.56138441
10/03/2023 02:27,0.552411121,102.6761468,8.073394796,0.601656537,90.56138441
10/03/2023 02:28,0.146330876,118.0465383,8.482637342,0.601656537,90.56138441
10/03/2023 02:29,0.350781818,119.3835361,9.484747757,0.601656537,90.56138441
10/03/2023 02:30,0.917439297,106.6690381,8.005624142,0.601656537,90.56138441
10/03/2023 02:31,0.315605702,116.9610663,7.521284779,0.601656537,90.56138441
10/03/2023 02:32,0.230405385,105.7977169,9.136042061,0.601656537,90.56138441
10/03/2023 02:33,0.540507484,104.4112617,9.477934638,0.601656537,90.56138441
10/03/2023 02:34,0.987085409,99.48891026,7.301912436,0.601656537,90.56138441
10/03/2023 02:35,0.317849744,110.2173312,7.719622338,0.601656537,90.56138441
10/03/2023 02:36,0.704921993,62.68840842,7.425915969,0.601656537,90.56138441
10/03/2023 02:37,0.785457654,120.4696607,8.043824235,0.601656537,90.56138441
10/03/2023 02:38,0.31387379,119.7474822,8.351052937,0.601656537,90.56138441
10/03/2023 02:39,0.755394714,52.33978264,9.246479011,0.601656537,90.56138441
10/03/2023 02:40,0.431004819,116.06534,8.953442755,0.601656537,90.56138441
10/03/2023 02:41,0.669075248,60.3095894,8.862785702,0.601656537,90.56138441
10/03/2023 02:42,0.67017674,76.80950834,8.05712484,0.601656537,90.56138441
10/03/2023 02:43,0.582197216,109.4806605,9.524342659,0.601656537,90.56138441
10/03/2023 02:44,0.181260793,62.86079168,8.413861502,0.601656537,90.56138441
10/03/2023 02:45,0.851772246,115.4373619,9.937314814,0.601656537,90.56138441
10/03/2023 02:46,0.388702058,116.5707342,8.902426415,0.601656537,90.56138441
10/03/2023 02:47,0.267866659,90.5974187,7.378794225,0.601656537,90.56138441
10/03/2023 02:48,0.136697627,50.51086974,9.028532686,0.601656537,90.56138441
10/03/2023 02:49,0.631803649,72.96305065,7.975312046,0.601656537,90.56138441
10/03/2023 02:50,0.709807926,99.35415347,9.05898159,0.601656537,90.56138441
10/03/2023 02:51,0.114929046,128.4948942,7.208923444,0.601656537,90.56138441
10/03/2023 02:52,0.560883752,100.5450822,7.524644312,0.601656537,90.56138441
10/03/2023 02:53,0.303846198,70.78428649,9.567211777,0.601656537,90.56138441
10/03/2023 02:54,0.680655511,100.7204562,7.681538671,0.601656537,90.56138441
10/03/2023 02:55,0.256929786,93.19883038,9.511123376,0.601656537,90.56138441
10/03/2023 02:56,0.721843964,112.3876316,7.837828265,0.601656537,90.56138441
10/03/2023 02:57,0.448061812,58.55845111,8.92864573,0.601656537,90.56138441
10/03/2023 02:58,0.94305699,110.8822322,9.082451721,0.601656537,90.56138441
10/03/2023 02:59,0.22376885,93.30132629,8.537964259,0.601656537,90.56138441
10/03/2023 03:00,0.406959716,127.0393603,7.91593203,0.601656537,90.56138441
10/03/2023 03:01,0.202126169,77.34977328,7.637933129,0.601656537,90.56138441
10/03/2023 03:02,0.932224256,100.6097515,7.099568064,0.601656537,90.56138441
10/03/2023 03:03,0.889605418,124.5622484,7.911839204,0.601656537,90.56138441
10/03/2023 03:04,0.332147465,58.20077824,8.959488372,0.601656537,90.56138441
10/03/2023 03:05,0.693985641,124.978279,9.814914455,0.601656537,90.56138441
10/03/2023 03:06,0.83549998,105.0308578,9.613613447,0.601656537,90.56138441
10/03/2023 03:07,0.59968073,55.42696473,9.29819433,0.601656537,90.56138441
10/03/2023 03:08,0.576685521,74.07708536,9.36534203,0.601656537,90.56138441
10/03/2023 03:09,0.317667062,106.6537671,8.99495471,0.601656537,90.56138441
10/03/2023 03:10,0.183792491,55.38804812,7.780860573,0.601656537,90.56138441
10/03/2023 03:11,0.907494182,96.57363681,9.721585092,0.601656537,90.56138441
10/03/2023 03:12,0.910376251,77.67064456,9.012196936,0.601656537,90.56138441
10/03/2023 03:13,0.669791312,99.67324142,8.681321893,0.601656537,90.56138441
10/03/2023 03:14,0.405126812,53.65936271,7.332968408,0.601656537,90.56138441
10/03/2023 03:15,0.414288617,119.7229445,8.341166631,0.601656537,90.56138441
10/03/2023 03:16,0.753360111,127.8791175,8.381074814,0.601656537,90.56138441
10/03/2023 03:17,0.907399234,127.5102284,9.593690829,0.601656537,90.56138441
10/03/2023 03:18,0.898377782,109.9721465,8.639944661,0.601656537,90.56138441
10/03/2023 03:19,0.801887991,60.40689921,8.141201647,0.601656537,90.56138441
10/03/2023 03:20,0.677828482,110.6610557,9.930400986,0.601656537,90.56138441
10/03/2023 03:21,0.175725968,51.96695332,7.33216178,0.601656537,90.56138441
10/03/2023 03:22,0.245465843,51.76988412,8.267645285,0.601656537,90.56138441
10/03/2023 03:23,0.90869877,75.88881753,7.126074026,0.601656537,90.56138441
10/03/2023 03:24,0.645786154,89.09145523,9.219712362,0.601656537,90.56138441
10/03/2023 03:25,0.108277346,111.6325934,9.754229657,0.601656537,90.56138441
10/03/2023 03:26,0.191324389,104.6636301,7.840111989,0.601656537,90.56138441
10/03/2023 03:27,0.697151592,85.67221651,9.57502503,0.601656537,90.56138441
10/03/2023 03:28,0.104555425,71.8901333,7.876654691,0.601656537,90.56138441
10/03/2023 03:29,0.244727246,129.76996,9.732310485,0.601656537,90.56138441
10/03/2023 03:30,0.59386041,84.09450418,9.261885711,0.601656537,90.56138441
10/03/2023 03:31,0.722705678,86.11096195,9.414720331,0.601656537,90.56138441
10/03/2023 03:32,0.686765134,63.0899057,7.054019667,0.601656537,90.56138441
10/03/2023 03:33,0.301842379,113.5847639,9.888431071,0.601656537,90.56138441
10/03/2023 03:34,0.740961299,105.4945781,9.180012976,0.601656537,90.56138441
10/03/2023 03:35,0.313524179,67.66156902,7.914253286,0.601656537,90.56138441
10/03/2023 03:36,0.392859728,56.59048365,9.488183995,0.601656537,90.56138441
10/03/2023 03:37,0.771842265,104.4399442,7.844563595,0.601656537,90.56138441
10/03/2023 03:38,0.684669609,102.3608971,9.618261519,0.601656537,90.56138441
10/03/2023 03:39,0.864301069,71.86076216,7.337741171,0.601656537,90.56138441
10/03/2023 03:40,0.691851603,126.069085,9.111057932,0.601656537,90.56138441
10/03/2023 03:41,0.611477743,62.08463134,8.62209543,0.601656537,90.56138441
10/03/2023 03:42,0.184307291,84.58678408,7.289603411,0.601656537,90.56138441
10/03/2023 03:43,0.430944223,125.4892736,7.725681485,0.601656537,90.56138441
10/03/2023 03:44,0.338682131,83.57818535,7.037212109,0.601656537,90.56138441
10/03/2023 03:45,0.319590679,101.0820758,8.406303896,0.601656537,90.56138441
10/03/2023 03:46,0.975709499,81.80755184,7.903795782,0.601656537,90.56138441
10/03/2023 03:47,0.453787952,71.93721619,8.795072453,0.601656537,90.56138441
10/03/2023 03:48,0.9028419,128.7182118,7.891713423,0.601656537,90.56138441
10/03/2023 03:49,0.668024763,82.74672051,7.899757335,0.601656537,90.56138441
10/03/2023 03:50,0.815330173,121.5279363,9.229579596,0.601656537,90.56138441
10/03/2023 03:51,0.552373384,68.39636847,7.144428508,0.601656537,90.56138441
10/03/2023 03:52,0.619213496,67.04837632,9.708684986,0.601656537,90.56138441
10/03/2023 03:53,0.543265924,52.49072663,9.556791623,0.601656537,90.56138441
10/03/2023 03:54,0.275718689,102.133346,9.00341405,0.601656537,90.56138441
10/03/2023 03:55,0.750206904,79.4821075,8.77966471,0.601656537,90.56138441
10/03/2023 03:56,0.352695126,119.14866,9.676907494,0.601656537,90.56138441
10/03/2023 03:57,0.12188437,87.85679254,7.555990539,0.601656537,90.56138441
10/03/2023 03:58,0.680925066,127.4554742,7.236907487,0.601656537,90.56138441
10/03/2023 03:59,0.259399611,64.84204126,7.71853051,0.601656537,90.56138441
10/03/2023 04:00,0.946412726,119.4898534,9.383734836,0.601656537,90.56138441
10/03/2023 04:01,0.958535719,112.1277482,7.1040108,0.601656537,90.56138441
10/03/2023 04:02,0.923377951,111.6737476,8.748420505,0.601656537,90.56138441
10/03/2023 04:03,0.43314283,117.5826582,9.986312549,0.601656537,90.56138441
10/03/2023 04:04,0.113910955,110.8819193,9.567088282,0.601656537,90.56138441
10/03/2023 04:05,0.935486706,100.0976257,8.564337067,0.601656537,90.56138441
10/03/2023 04:06,0.485365733,60.49959021,7.190922728,0.601656537,90.56138441
10/03/2023 04:07,0.969989337,52.60209436,9.494120543,0.601656537,90.56138441
10/03/2023 04:08,0.967257979,123.6678278,8.796935525,0.601656537,90.56138441
10/03/2023 04:09,0.86770851,99.33202516,7.344798991,0.601656537,90.56138441
10/03/2023 04:10,0.365004003,113.7229833,7.281571854,0.601656537,90.56138441
10/03/2023 04:11,0.446587956,88.52178812,9.728880458,0.601656537,90.56138441
10/03/2023 04:12,0.866023004,59.38465512,9.007600789,0.601656537,90.56138441
10/03/2023 04:13,0.385229805,60.01486338,9.487860398,0.601656537,90.56138441
10/03/2023 04:14,0.252543472,104.845223,9.636936701,0.601656537,90.56138441
10/03/2023 04:15,0.601121136,84.42447159,8.715317056,0.601656537,90.56138441
10/03/2023 04:16,0.942539297,66.04197814,8.552339055,0.601656537,90.56138441
10/03/2023 04:17,0.726426817,89.32756374,8.291282231,0.601656537,90.56138441
10/03/2023 04:18,0.613055053,55.13671497,7.950839763,0.601656537,90.56138441
10/03/2023 04:19,0.187458844,96.55771215,8.303787883,0.601656537,90.56138441
10/03/2023 04:20,0.653506504,71.51947235,9.321638967,0.601656537,90.56138441
10/03/2023 04:21,0.991048465,113.8047281,8.805770293,0.601656537,90.56138441
10/03/2023 04:22,0.226075614,74.82895671,9.67756987,0.601656537,90.56138441
10/03/2023 04:23,0.566496687,86.41761193,8.330140043,0.601656537,90.56138441
10/03/2023 04:24,0.889635765,50.92964319,8.821268736,0.601656537,90.56138441
10/03/2023 04:25,0.766691756,55.79575102,8.893922659,0.601656537,90.56138441
10/03/2023 04:26,0.727314167,81.39948451,8.775091487,0.601656537,90.56138441
10/03/2023 04:27,0.732235676,88.39510678,9.107901319,0.601656537,90.56138441
10/03/2023 04:28,0.423542036,98.00164385,7.712300405,0.601656537,90.56138441
10/03/2023 04:29,0.36423266,73.3330063,8.537091333,0.601656537,90.56138441
10/03/2023 04:30,0.82842504,105.5985509,7.312674408,0.601656537,90.56138441
10/03/2023 04:31,0.829102055,118.8097918,8.153533983,0.601656537,90.56138441
10/03/2023 04:32,0.880365087,112.3880791,8.463001206,0.601656537,90.56138441
10/03/2023 04:33,0.921916497,53.16950603,8.956672779,0.601656537,90.56138441
10/03/2023 04:34,0.560208159,88.44055578,9.851593158,0.601656537,90.56138441
10/03/2023 04:35,0.551364665,58.39441427,8.8019532,0.601656537,90.56138441
10/03/2023 04:36,0.818465661,69.36360127,9.230781749,0.601656537,90.56138441
10/03/2023 04:37,0.684967538,128.9330075,8.518798178,0.601656537,90.56138441
10/03/2023 04:38,0.73177019,61.39964343,8.902312094,0.601656537,90.56138441
10/03/2023 04:39,0.816213402,89.91105228,7.212796648,0.601656537,90.56138441
10/03/2023 04:40,0.901004808,99.45245875,7.763174743,0.601656537,90.56138441
10/03/2023 04:41,0.404195641,106.1971976,8.08555928,0.601656537,90.56138441
10/03/2023 04:42,0.438024657,94.77189468,8.417480065,0.601656537,90.56138441
10/03/2023 04:43,0.184583746,50.78166779,7.136946237,0.601656537,90.56138441
10/03/2023 04:44,0.620452127,76.11690466,7.420072293,0.601656537,90.56138441
10/03/2023 04:45,0.132348046,91.41693147,7.830442923,0.601656537,90.56138441
10/03/2023 04:46,0.519038216,57.02931993,9.914598073,0.601656537,90.56138441
10/03/2023 04:47,0.588380171,78.0501545,7.994041021,0.601656537,90.56138441
10/03/2023 04:48,0.357887127,52.6562487,8.446123174,0.601656537,90.56138441
10/03/2023 04:49,0.631749935,56.28627977,7.588293138,0.601656537,90.56138441
10/03/2023 04:50,0.127450225,81.7538621,8.832340213,0.601656537,90.56138441
10/03/2023 04:51,0.13361337,60.61726032,7.842049647,0.601656537,90.56138441
10/03/2023 04:52,0.840340505,95.40326786,7.620977735,0.601656537,90.56138441
10/03/2023 04:53,0.424171577,105.1571975,8.549717885,0.601656537,90.56138441
10/03/2023 04:54,0.214354461,114.0469359,7.016517397,0.601656537,90.56138441
10/03/2023 04:55,0.570018934,66.01201954,7.022992098,0.601656537,90.56138441
10/03/2023 04:56,0.792994198,63.39860658,7.657206427,0.601656537,90.56138441
10/03/2023 04:57,0.294238925,58.36542723,7.110164088,0.601656537,90.56138441
10/03/2023 04:58,0.660601428,100.91442,7.324077262,0.601656537,90.56138441
10/03/2023 04:59,0.176812718,106.5180581,8.016581948,0.601656537,90.56138441
10/03/2023 05:00,0.146513549,52.52689159,9.407757039,0.601656537,90.56138441
10/03/2023 05:01,0.578219168,124.8969797,8.71614593,0.601656537,90.56138441
10/03/2023 05:02,0.586571609,54.15770269,8.538003178,0.601656537,90.56138441
10/03/2023 05:03,0.673686911,93.30370682,7.88046647,0.601656537,90.56138441
10/03/2023 05:04,0.7534822,106.7248416,9.795261158,0.601656537,90.56138441
10/03/2023 05:05,0.978266872,119.6775299,8.191045124,0.601656537,90.56138441
10/03/2023 05:06,0.564670313,107.1269546,7.2612783,0.601656537,90.56138441
10/03/2023 05:07,0.390660826,114.1382466,8.851199548,0.601656537,90.56138441
10/03/2023 05:08,0.815667575,77.1560154,7.34151518,0.601656537,90.56138441
10/03/2023 05:09,0.343749026,115.1860091,8.035669428,0.601656537,90.56138441
10/03/2023 05:10,0.495074279,56.40918771,8.522235816,0.601656537,90.56138441
10/03/2023 05:11,0.170610743,121.5853325,9.622667574,0.601656537,90.56138441
10/03/2023 05:12,0.122815669,93.80739009,8.480639741,0.601656537,90.56138441
10/03/2023 05:13,0.966383573,115.3838216,9.106776298,0.601656537,90.56138441
10/03/2023 05:14,0.852382108,86.18546276,9.978450517,0.601656537,90.56138441
10/03/2023 05:15,0.726376785,101.4862156,7.39446736,0.601656537,90.56138441
10/03/2023 05:16,0.46805765,92.11221287,7.824194577,0.601656537,90.56138441
10/03/2023 05:17,0.255964888,108.5271617,8.183728227,0.601656537,90.56138441
10/03/2023 05:18,0.240793338,56.53039856,8.265484536,0.601656537,90.56138441
10/03/2023 05:19,0.325218608,54.82816672,8.233063226,0.601656537,90.56138441
10/03/2023 05:20,0.594303998,69.76825872,9.722833008,0.601656537,90.56138441
10/03/2023 05:21,0.74313633,62.76357441,9.142097933,0.601656537,90.56138441
10/03/2023 05:22,0.694177639,119.7426853,8.823715642,0.601656537,90.56138441
10/03/2023 05:23,0.351940507,67.53711899,7.928118154,0.601656537,90.56138441
10/03/2023 05:24,0.959378753,128.0692205,9.471371153,0.601656537,90.56138441
10/03/2023 05:25,0.764107225,76.95166334,9.865181534,0.601656537,90.56138441
10/03/2023 05:26,0.598918647,64.56943326,9.463594848,0.601656537,90.56138441
10/03/2023 05:27,0.650548672,113.1758806,7.004695316,0.601656537,90.56138441
10/03/2023 05:28,0.477640056,102.696622,8.909204111,0.601656537,90.56138441
10/03/2023 05:29,0.322957891,89.85565732,7.153406144,0.601656537,90.56138441
10/03/2023 05:30,0.420375411,94.42908408,7.772821661,0.601656537,90.56138441
10/03/2023 05:31,0.782061499,107.5361423,7.178574101,0.601656537,90.56138441
10/03/2023 05:32,0.11295414,68.27637931,8.811386359,0.601656537,90.56138441
10/03/2023 05:33,0.204465376,129.7067133,9.05976974,0.601656537,90.56138441
10/03/2023 05:34,0.141402378,127.983453,7.343462914,0.601656537,90.56138441
10/03/2023 05:35,0.136655922,102.0260549,8.151516649,0.601656537,90.56138441
10/03/2023 05:36,0.869914526,65.96339607,8.368709527,0.601656537,90.56138441
10/03/2023 05:37,0.733292073,104.4182594,8.107159065,0.601656537,90.56138441
10/03/2023 05:38,0.526756446,55.77587272,7.363075001,0.601656537,90.56138441
10/03/2023 05:39,0.188050745,52.45220018,8.256843371,0.601656537,90.56138441
10/03/2023 05:40,0.542454288,70.61463108,9.253534143,0.601656537,90.56138441
10/03/2023 05:41,0.526124594,87.00983654,7.213022994,0.601656537,90.56138441
10/03/2023 05:42,0.255881683,119.4618004,7.240540042,0.601656537,90.56138441
10/03/2023 05:43,0.490466484,108.1735256,8.064313876,0.601656537,90.56138441
10/03/2023 05:44,0.458654261,109.4165217,9.825177135,0.601656537,90.56138441
10/03/2023 05:45,0.654265088,84.03946676,9.00571794,0.601656537,90.56138441
10/03/2023 05:46,0.671584286,77.6747994,9.03600987,0.601656537,90.56138441
10/03/2023 05:47,0.140773609,79.68310104,8.085759973,0.601656537,90.56138441
10/03/2023 05:48,0.437151353,129.0119651,8.780982374,0.601656537,90.56138441
10/03/2023 05:49,0.663273924,53.20873531,7.030393552,0.601656537,90.56138441
10/03/2023 05:50,0.552822633,119.3625197,8.908288139,0.601656537,90.56138441
10/03/2023 05:51,0.870840857,96.29403269,9.739860843,0.601656537,90.56138441
10/03/2023 05:52,0.692824268,85.08923354,8.837720405,0.601656537,90.56138441
10/03/2023 05:53,0.246640984,108.0206128,9.62109578,0.601656537,90.56138441
10/03/2023 05:54,0.163511873,88.93351531,9.171919166,0.601656537,90.56138441
10/03/2023 05:55,0.67817735,119.873859,7.361675249,0.601656537,90.56138441
10/03/2023 05:56,0.123860179,122.0561491,9.707359922,0.601656537,90.56138441
10/03/2023 05:57,0.627198023,83.73767415,7.199331533,0.601656537,90.56138441
10/03/2023 05:58,0.946207217,72.14622378,8.601902418,0.601656537,90.56138441
10/03/2023 05:59,0.61792676,97.38802629,7.426411371,0.601656537,90.56138441
10/03/2023 06:00,0.449352934,122.9890676,7.035119832,0.601656537,90.56138441
10/03/2023 06:01,0.678959397,66.85297512,8.26610278,0.601656537,90.56138441
10/03/2023 06:02,0.512427601,99.83732669,7.885122123,0.601656537,90.56138441
10/03/2023 06:03,0.59105511,100.5248176,8.458001481,0.601656537,90.56138441
10/03/2023 06:04,0.947318328,108.6490418,8.73159966,0.601656537,90.56138441
10/03/2023 06:05,0.447492374,60.52541481,7.131217217,0.601656537,90.56138441
10/03/2023 06:06,0.965071507,107.2659972,7.369009885,0.601656537,90.56138441
10/03/2023 06:07,0.914815578,122.7226017,8.675927189,0.601656537,90.56138441
10/03/2023 06:08,0.276212021,64.37464871,8.02950206,0.601656537,90.56138441
10/03/2023 06:09,0.162425171,69.00346599,9.187520463,0.601656537,90.56138441
10/03/2023 06:10,0.190700201,127.7116075,8.956874946,0.601656537,90.56138441
10/03/2023 06:11,0.116399643,64.47815622,9.536813089,0.601656537,90.56138441
10/03/2023 06:12,0.184998665,118.3508075,9.07747848,0.601656537,90.56138441
10/03/2023 06:13,0.714706096,89.38222852,8.289793232,0.601656537,90.56138441
10/03/2023 06:14,0.164069784,69.77848595,9.018899867,0.601656537,90.56138441
10/03/2023 06:15,0.387078067,119.6599921,7.826143523,0.601656537,90.56138441
10/03/2023 06:16,0.86038778,85.6244204,7.918940496,0.601656537,90.56138441
10/03/2023 06:17,0.120944742,91.18538831,9.36695548,0.601656537,90.56138441
10/03/2023 06:18,0.833021634,78.73866955,8.339258549,0.601656537,90.56138441
10/03/2023 06:19,0.353669297,97.43606811,9.395141022,0.601656537,90.56138441
10/03/2023 06:20,0.206348345,63.08190981,9.467267121,0.601656537,90.56138441
10/03/2023 06:21,0.727063449,81.28652293,9.572687013,0.601656537,90.56138441
10/03/2023 06:22,0.666048562,127.5529858,9.749905708,0.601656537,90.56138441
10/03/2023 06:23,0.889724812,70.65067462,8.292955662,0.601656537,90.56138441
10/03/2023 06:24,0.761563939,102.5389332,7.956600455,0.601656537,90.56138441
10/03/2023 06:25,0.823132837,76.01520514,8.74659624,0.601656537,90.56138441
10/03/2023 06:26,0.353831115,111.8778501,8.11351727,0.601656537,90.56138441
10/03/2023 06:27,0.259695589,60.46989286,8.8032225,0.601656537,90.56138441
10/03/2023 06:28,0.775553276,127.5856836,9.116757588,0.601656537,90.56138441
10/03/2023 06:29,0.826151265,86.30316331,9.065215055,0.601656537,90.56138441
10/03/2023 06:30,0.991454628,68.88403707,8.123658661,0.601656537,90.56138441
10/03/2023 06:31,0.471355909,55.87973979,7.500580605,0.601656537,90.56138441
10/03/2023 06:32,0.434816277,63.58063241,8.291588015,0.601656537,90.56138441
10/03/2023 06:33,0.798771665,91.58191588,7.427782432,0.601656537,90.56138441
10/03/2023 06:34,0.406723186,76.96025411,9.670291106,0.601656537,90.56138441
10/03/2023 06:35,0.937681593,116.3106693,8.037632382,0.601656537,90.56138441
10/03/2023 06:36,0.872571477,84.47100189,7.463379242,0.601656537,90.56138441
10/03/2023 06:37,0.486094625,69.89714181,7.07634328,0.601656537,90.56138441
10/03/2023 06:38,0.775783961,99.37159893,8.937467159,0.601656537,90.56138441
10/03/2023 06:39,0.779088587,106.5421774,8.910706952,0.601656537,90.56138441
10/03/2023 06:40,0.192811482,63.36335263,8.0218125,0.601656537,90.56138441
10/03/2023 06:41,0.912297616,63.4095373,7.215135667,0.601656537,90.56138441
10/03/2023 06:42,0.554727135,52.93371415,8.228886685,0.601656537,90.56138441
10/03/2023 06:43,0.843811719,108.9121612,7.933652485,0.601656537,90.56138441
10/03/2023 06:44,0.388044641,103.1043622,9.031361919,0.601656537,90.56138441
10/03/2023 06:45,0.905970906,87.97047006,8.817337748,0.601656537,90.56138441
10/03/2023 06:46,0.450281511,117.5336359,8.093781185,0.601656537,90.56138441
10/03/2023 06:47,0.109753886,114.4536122,7.653677663,0.601656537,90.56138441
10/03/2023 06:48,0.914843779,96.82834915,9.964107898,0.601656537,90.56138441
10/03/2023 06:49,0.182158009,119.4617024,8.362004864,0.601656537,90.56138441
10/03/2023 06:50,0.387382274,66.4672968,9.064822707,0.601656537,90.56138441
10/03/2023 06:51,0.95505577,58.95356955,7.421658903,0.601656537,90.56138441
10/03/2023 06:52,0.955546432,71.57996892,8.456769099,0.601656537,90.56138441
10/03/2023 06:53,0.616094099,54.56694849,7.08261016,0.601656537,90.56138441
10/03/2023 06:54,0.668653491,92.49356224,8.516365354,0.601656537,90.56138441
10/03/2023 06:55,0.50360097,124.9284554,9.892052221,0.601656537,90.56138441
10/03/2023 06:56,0.363889695,53.14748325,8.152620139,0.601656537,90.56138441
10/03/2023 06:57,0.395798091,59.76879312,7.116988038,0.601656537,90.56138441
10/03/2023 06:58,0.70526661,86.17592226,7.092867373,0.601656537,90.56138441
10/03/2023 06:59,0.777137076,124.7100014,8.16396028,0.601656537,90.56138441
10/03/2023 07:00,0.812421139,75.2924884,7.480074809,0.601656537,90.56138441
10/03/2023 07:01,0.810656329,90.5787847,7.070056289,0.601656537,90.56138441
10/03/2023 07:02,0.182085493,53.32582872,9.268640842,0.601656537,90.56138441
10/03/2023 07:03,0.544978274,61.86745608,8.375569027,0.601656537,90.56138441
10/03/2023 07:04,0.151802884,128.9304098,7.867734316,0.601656537,90.56138441
10/03/2023 07:05,0.594575994,127.2094957,9.700249549,0.601656537,90.56138441
10/03/2023 07:06,0.497377451,50.39519847,7.348416881,0.601656537,90.56138441
10/03/2023 07:07,0.898933764,126.1449428,9.867756487,0.601656537,90.56138441
10/03/2023 07:08,0.415823511,101.129595,7.941900152,0.601656537,90.56138441
10/03/2023 07:09,0.205360315,119.4334636,9.665211017,0.601656537,90.56138441
10/03/2023 07:10,0.228692514,86.37918845,8.808828629,0.601656537,90.56138441
10/03/2023 07:11,0.785359569,91.24768229,9.480122079,0.601656537,90.56138441
10/03/2023 07:12,0.656396257,89.10772642,9.95203949,0.601656537,90.56138441
10/03/2023 07:13,0.191010409,103.3491406,7.865216313,0.601656537,90.56138441
10/03/2023 07:14,0.175696126,61.17210038,9.883406456,0.601656537,90.56138441
10/03/2023 07:15,0.730872218,52.39788719,8.168445685,0.601656537,90.56138441
10/03/2023 07:16,0.165486706,74.63439533,8.156535714,0.601656537,90.56138441
10/03/2023 07:17,0.839674053,106.374461,8.021161313,0.601656537,90.56138441
10/03/2023 07:18,0.735618004,66.14827617,8.624222822,0.601656537,90.56138441
10/03/2023 07:19,0.173213903,103.8745947,7.46243513,0.601656537,90.56138441
10/03/2023 07:20,0.176353943,127.5929637,8.661134456,0.601656537,90.56138441
10/03/2023 07:21,0.987975621,57.51205726,8.625114437,0.601656537,90.56138441
10/03/2023 07:22,0.436843716,103.8081695,9.285705438,0.601656537,90.56138441
10/03/2023 07:23,0.433577932,85.50001754,9.500949886,0.601656537,90.56138441
10/03/2023 07:24,0.831519611,119.4513804,8.321324051,0.601656537,90.56138441
10/03/2023 07:25,0.95252372,64.17198316,7.906999748,0.601656537,90.56138441
10/03/2023 07:26,0.987400957,105.4100762,7.778004692,0.601656537,90.56138441
10/03/2023 07:27,0.778040367,117.0492232,7.58387151,0.601656537,90.56138441
10/03/2023 07:28,0.438633627,125.5691376,7.172942747,0.601656537,90.56138441
10/03/2023 07:29,0.175150645,104.6598423,8.027343937,0.601656537,90.56138441
10/03/2023 07:30,0.799432224,89.77398112,7.810743076,0.601656537,90.56138441
10/03/2023 07:31,0.602563825,99.42777922,9.899252158,0.601656537,90.56138441
10/03/2023 07:32,0.481799808,119.5123988,8.673126479,0.601656537,90.56138441
10/03/2023 07:33,0.915718947,95.64877973,8.041831117,0.601656537,90.56138441
10/03/2023 07:34,0.200077734,52.43096478,8.741402803,0.601656537,90.56138441
10/03/2023 07:35,0.543362594,124.4758956,7.417590104,0.601656537,90.56138441
10/03/2023 07:36,0.11021828,105.1621401,8.332131248,0.601656537,90.56138441
10/03/2023 07:37,0.521794578,104.1210709,8.878702964,0.601656537,90.56138441
10/03/2023 07:38,0.150672948,67.25401219,8.466693495,0.601656537,90.56138441
10/03/2023 07:39,0.206936125,102.7108376,8.205336402,0.601656537,90.56138441
10/03/2023 07:40,0.205773622,81.50915245,9.981545167,0.601656537,90.56138441
10/03/2023 07:41,0.684289272,102.0986382,9.640944286,0.601656537,90.56138441
10/03/2023 07:42,0.771440391,58.52744242,8.870217874,0.601656537,90.56138441
10/03/2023 07:43,0.625031889,102.6276244,8.708132084,0.601656537,90.56138441
10/03/2023 07:44,0.965955294,129.9530981,8.861981439,0.601656537,90.56138441
10/03/2023 07:45,0.437383522,53.85696311,7.603936323,0.601656537,90.56138441
10/03/2023 07:46,0.357140878,128.1739347,8.18541323,0.601656537,90.56138441
10/03/2023 07:47,0.881739215,82.55263686,7.118378599,0.601656537,90.56138441
10/03/2023 07:48,0.301236255,119.660276,8.426638112,0.601656537,90.56138441
10/03/2023 07:49,0.966900285,112.5908387,8.629073752,0.601656537,90.56138441
10/03/2023 07:50,0.110939027,95.36130088,7.683249208,0.601656537,90.56138441
10/03/2023 07:51,0.972890944,109.0759367,9.892086541,0.601656537,90.56138441
10/03/2023 07:52,0.138843921,120.2812449,9.728363833,0.601656537,90.56138441
10/03/2023 07:53,0.902028802,82.33122573,9.166429706,0.601656537,90.56138441
10/03/2023 07:54,0.574930998,76.16265293,8.600159886,0.601656537,90.56138441
10/03/2023 07:55,0.993668317,103.4074708,9.609907479,0.601656537,90.56138441
10/03/2023 07:56,0.166416908,114.6276754,7.391957031,0.601656537,90.56138441
10/03/2023 07:57,0.598468856,110.9828108,9.371529383,0.601656537,90.56138441
10/03/2023 07:58,0.972372282,113.8250919,7.374462442,0.601656537,90.56138441
10/03/2023 07:59,0.57078806,84.84666519,9.382631988,0.601656537,90.56138441
10/03/2023 08:00,0.666458774,115.4267373,7.827302705,0.601656537,90.56138441
10/03/2023 08:01,0.72617382,59.61672443,9.631271743,0.601656537,90.56138441
10/03/2023 08:02,0.509086958,93.55912784,9.832126281,0.601656537,90.56138441
10/03/2023 08:03,0.664802272,50.46069284,7.446387908,0.601656537,90.56138441
10/03/2023 08:04,0.625882881,75.96686639,8.388026815,0.601656537,90.56138441
10/03/2023 08:05,0.911042209,79.31692279,9.942962134,0.601656537,90.56138441
10/03/2023 08:06,0.140901742,81.69381533,8.450222308,0.601656537,90.56138441
10/03/2023 08:07,0.352866871,105.6373765,9.590642568,0.601656537,90.56138441
10/03/2023 08:08,0.955370336,81.0846481,8.766194566,0.601656537,90.56138441
10/03/2023 08:09,0.901237406,85.89548981,8.125989724,0.601656537,90.56138441
10/03/2023 08:10,0.510091078,69.00353047,7.857350667,0.601656537,90.56138441
10/03/2023 08:11,0.658119338,79.86014333,7.609669273,0.601656537,90.56138441
10/03/2023 08:12,0.349643065,68.18157018,9.285394574,0.601656537,90.56138441
10/03/2023 08:13,0.269309044,55.8556739,8.15962152,0.601656537,90.56138441
10/03/2023 08:14,0.517328564,98.27588747,8.533826387,0.601656537,90.56138441
10/03/2023 08:15,0.418017005,103.4570239,8.47697644,0.601656537,90.56138441
10/03/2023 08:16,0.625290501,99.55922768,8.731837088,0.601656537,90.56138441
10/03/2023 08:17,0.169961173,87.0795235,9.596731437,0.601656537,90.56138441
10/03/2023 08:18,0.976955327,80.38286241,9.942218031,0.601656537,90.56138441
10/03/2023 08:19,0.98758967,119.066692,8.222752626,0.601656537,90.56138441
10/03/2023 08:20,0.728345543,91.52654281,9.482556766,0.601656537,90.56138441
10/03/2023 08:21,0.58248673,88.33455021,9.293583384,0.601656537,90.56138441
10/03/2023 08:22,0.378574855,52.05136526,8.720586854,0.601656537,90.56138441
10/03/2023 08:23,0.832415518,77.29982621,9.868141431,0.601656537,90.56138441
10/03/2023 08:24,0.716258055,80.4156495,7.601423547,0.601656537,90.56138441
10/03/2023 08:25,0.246355245,81.90582247,7.327792631,0.601656537,90.56138441
10/03/2023 08:26,0.919834466,96.41378954,9.561885901,0.601656537,90.56138441
10/03/2023 08:27,0.840283519,92.68820374,8.31744945,0.601656537,90.56138441
10/03/2023 08:28,0.954819922,98.63240742,9.540906563,0.601656537,90.56138441
10/03/2023 08:29,0.753147558,111.1906609,9.679270616,0.601656537,90.56138441
10/03/2023 08:30,0.652073676,115.0388591,7.187372781,0.601656537,90.56138441
10/03/2023 08:31,0.476418733,107.4498461,9.650394289,0.601656537,90.56138441
10/03/2023 08:32,0.939455635,126.4418957,8.344957166,0.601656537,90.56138441
10/03/2023 08:33,0.879457501,51.45860661,8.531297467,0.601656537,90.56138441
10/03/2023 08:34,0.140696803,65.66223885,8.879777533,0.601656537,90.56138441
10/03/2023 08:35,0.123730277,50.60503,9.77914782,0.601656537,90.56138441
10/03/2023 08:36,0.43881703,101.7979771,7.057348283,0.601656537,90.56138441
10/03/2023 08:37,0.829497998,121.8424439,8.430530405,0.601656537,90.56138441
10/03/2023 08:38,0.988548516,69.47858373,9.063166127,0.601656537,90.56138441
10/03/2023 08:39,0.235375202,124.1627636,9.168120873,0.601656537,90.56138441
10/03/2023 08:40,0.634717644,54.82139122,9.077597295,0.601656537,90.56138441
10/03/2023 08:41,0.442801771,124.7548821,7.403305388,0.601656537,90.56138441
10/03/2023 08:42,0.972922958,78.12981498,7.898186765,0.601656537,90.56138441
10/03/2023 08:43,0.857907031,58.11366628,8.076146576,0.601656537,90.56138441
10/03/2023 08:44,0.854495834,88.86974073,9.413311623,0.601656537,90.56138441
10/03/2023 08:45,0.521823844,70.54212542,7.836279617,0.601656537,90.56138441
10/03/2023 08:46,0.473337552,72.78983216,7.632114892,0.601656537,90.56138441
10/03/2023 08:47,0.346066365,74.58319719,9.872344057,0.601656537,90.56138441
10/03/2023 08:48,0.150737947,114.2420718,7.026589855,0.601656537,90.56138441
10/03/2023 08:49,0.878250139,93.13290213,9.993462567,0.601656537,90.56138441
10/03/2023 08:50,0.831610908,74.90461593,9.030463897,0.601656537,90.56138441
10/03/2023 08:51,0.999745906,98.82670266,9.485407898,0.601656537,90.56138441
10/03/2023 08:52,0.996973153,107.2920539,7.883858189,0.601656537,90.56138441
10/03/2023 08:53,0.599888535,71.80992006,7.042945833,0.601656537,90.56138441
10/03/2023 08:54,0.792088674,83.08392812,9.213608556,0.601656537,90.56138441
10/03/2023 08:55,0.950289157,59.75088747,9.502433791,0.601656537,90.56138441
10/03/2023 08:56,0.864682652,64.49194796,9.221428396,0.601656537,90.56138441
10/03/2023 08:57,0.322613292,104.4894283,7.428550862,0.601656537,90.56138441
10/03/2023 08:58,0.505489722,64.51506782,9.260283767,0.601656537,90.56138441
10/03/2023 08:59,0.216243474,92.01307069,9.306768346,0.601656537,90.56138441
10/03/2023 09:00,0.958645925,106.7237009,8.975621547,0.601656537,90.56138441
10/03/2023 09:01,0.645557171,58.55015385,9.298347798,0.601656537,90.56138441
10/03/2023 09:02,0.305778525,95.38497757,9.537764319,0.601656537,90.56138441
10/03/2023 09:03,0.704530616,70.5250227,8.840812343,0.601656537,90.56138441
10/03/2023 09:04,0.656315416,127.03415,7.265814142,0.601656537,90.56138441
10/03/2023 09:05,0.422346446,88.68365174,8.462883429,0.601656537,90.56138441
10/03/2023 09:06,0.202201833,114.479404,7.232948004,0.601656537,90.56138441
10/03/2023 09:07,0.704415876,94.01812337,8.222629093,0.601656537,90.56138441
10/03/2023 09:08,0.568276931,53.47300263,8.221319467,0.601656537,90.56138441
10/03/2023 09:09,0.795086553,100.65211,7.198029532,0.601656537,90.56138441
10/03/2023 09:10,0.568147151,126.1122674,8.046461602,0.601656537,90.56138441
10/03/2023 09:11,0.86696335,98.12894561,7.332994296,0.601656537,90.56138441
10/03/2023 09:12,0.596716155,115.5351088,9.42470563,0.601656537,90.56138441
10/03/2023 09:13,0.604844174,120.7365171,9.843064078,0.601656537,90.56138441
10/03/2023 09:14,0.888988242,68.24638176,7.216949426,0.601656537,90.56138441
10/03/2023 09:15,0.46313458,66.96358719,9.865345622,0.601656537,90.56138441
10/03/2023 09:16,0.220613706,98.87847911,8.567729798,0.601656537,90.56138441
10/03/2023 09:17,0.125904409,82.88227758,7.898697034,0.601656537,90.56138441
10/03/2023 09:18,0.77962353,117.1889042,7.230586226,0.601656537,90.56138441
10/03/2023 09:19,0.658278596,122.0018499,8.501872804,0.601656537,90.56138441
10/03/2023 09:20,0.733671791,78.27371034,9.383546633,0.601656537,90.56138441
10/03/2023 09:21,0.291667745,68.94964472,9.121259432,0.601656537,90.56138441
10/03/2023 09:22,0.222734328,112.4420412,7.150678034,0.601656537,90.56138441
10/03/2023 09:23,0.113090199,71.98448284,7.218705506,0.601656537,90.56138441
10/03/2023 09:24,0.415528803,115.8091455,8.208619848,0.601656537,90.56138441
10/03/2023 09:25,0.630925918,83.89906029,7.885871482,0.601656537,90.56138441
10/03/2023 09:26,0.453019641,103.4039919,7.697152969,0.601656537,90.56138441
10/03/2023 09:27,0.49372743,57.64282511,7.843013497,0.601656537,90.56138441
10/03/2023 09:28,0.913742825,99.90874597,9.41044823,0.601656537,90.56138441
10/03/2023 09:29,0.41342992,86.1414143,9.787684161,0.601656537,90.56138441
10/03/2023 09:30,0.56259054,96.92867705,8.215308084,0.601656537,90.56138441
10/03/2023 09:31,0.805287711,63.44113662,9.718333006,0.601656537,90.56138441
10/03/2023 09:32,0.456888504,108.9498996,7.964487104,0.601656537,90.56138441
10/03/2023 09:33,0.65987803,119.0237662,8.429310959,0.601656537,90.56138441
10/03/2023 09:34,0.876127338,67.33918401,7.678086993,0.601656537,90.56138441
10/03/2023 09:35,0.954568561,57.65716444,8.921428127,0.601656537,90.56138441
10/03/2023 09:36,0.232366133,51.89108688,9.936943346,0.601656537,90.56138441
10/03/2023 09:37,0.933928863,101.35772,8.810479288,0.601656537,90.56138441
10/03/2023 09:38,0.542904664,98.56752289,8.073442252,0.601656537,90.56138441
10/03/2023 09:39,0.332419949,93.73579302,8.943452338,0.601656537,90.56138441
10/03/2023 09:40,0.513222181,68.55576769,7.368762035,0.601656537,90.56138441
10/03/2023 09:41,0.982029318,81.27247967,9.665977241,0.601656537,90.56138441
10/03/2023 09:42,0.543356285,97.55810681,8.509251852,0.601656537,90.56138441
10/03/2023 09:43,0.395876449,89.74134871,8.348049226,0.601656537,90.56138441
10/03/2023 09:44,0.670060769,129.0228416,8.757594365,0.601656537,90.56138441
10/03/2023 09:45,0.316131057,60.9151802,8.874351588,0.601656537,90.56138441
10/03/2023 09:46,0.168276995,105.6115643,7.215327419,0.601656537,90.56138441
10/03/2023 09:47,0.21599175,82.34550145,9.047851664,0.601656537,90.56138441
10/03/2023 09:48,0.215241255,84.25596919,7.725795041,0.601656537,90.56138441
10/03/2023 09:49,0.236712424,107.4078213,9.141857898,0.601656537,90.56138441
10/03/2023 09:50,0.224944455,105.3948921,9.467604383,0.601656537,90.56138441
10/03/2023 09:51,0.67678727,129.3004795,9.411875523,0.601656537,90.56138441
10/03/2023 09:52,0.263692076,60.27154316,8.657502902,0.601656537,90.56138441
10/03/2023 09:53,0.411100555,58.32877195,8.560509677,0.601656537,90.56138441
10/03/2023 09:54,0.907109569,107.9471054,7.428627884,0.601656537,90.56138441
10/03/2023 09:55,0.526565476,96.27095336,9.326038451,0.601656537,90.56138441
10/03/2023 09:56,0.700801965,71.93285332,7.814228141,0.601656537,90.56138441
10/03/2023 09:57,0.255087884,56.35354952,8.490086268,0.601656537,90.56138441
10/03/2023 09:58,0.273060117,56.85265997,7.852822279,0.601656537,90.56138441
10/03/2023 09:59,0.136781755,121.53527,7.401485089,0.601656537,90.56138441
10/03/2023 10:00,0.252041557,65.34938598,8.888673091,0.601656537,90.56138441
10/03/2023 10:01,0.350731305,75.86972497,7.162996104,0.601656537,90.56138441
10/03/2023 10:02,0.259309436,68.13251218,9.245935702,0.601656537,90.56138441
10/03/2023 10:03,0.17983228,78.39970447,7.952760386,0.601656537,90.56138441
10/03/2023 10:04,0.208572284,55.55390742,7.000404079,0.601656537,90.56138441
10/03/2023 10:05,0.514700891,91.52478327,8.533387418,0.601656537,90.56138441
10/03/2023 10:06,0.285700347,55.40900509,7.140555726,0.601656537,90.56138441
10/03/2023 10:07,0.427842875,114.0285206,7.828508673,0.601656537,90.56138441
10/03/2023 10:08,0.553075544,68.69696655,9.120929462,0.601656537,90.56138441
10/03/2023 10:09,0.721355346,93.20095317,7.188068865,0.601656537,90.56138441
10/03/2023 10:10,0.135380926,120.406327,9.518015477,0.601656537,90.56138441
10/03/2023 10:11,0.819469359,102.0701895,7.011459768,0.601656537,90.56138441
10/03/2023 10:12,0.665110351,92.63662292,7.740471608,0.601656537,90.56138441
10/03/2023 10:13,0.173583129,75.94670025,9.222712168,0.601656537,90.56138441
10/03/2023 10:14,0.886220762,76.64015304,7.948810449,0.601656537,90.56138441
10/03/2023 10:15,0.92878516,103.5589564,7.305677164,0.601656537,90.56138441
10/03/2023 10:16,0.154970164,129.5311489,8.080701756,0.601656537,90.56138441
10/03/2023 10:17,0.349189883,102.9471352,7.811179859,0.601656537,90.56138441
10/03/2023 10:18,0.825581152,94.62267339,9.528135706,0.601656537,90.56138441
10/03/2023 10:19,0.773433721,108.4520408,7.940043753,0.601656537,90.56138441
10/03/2023 10:20,0.266068917,87.21644898,9.366797415,0.601656537,90.56138441
10/03/2023 10:21,0.288414391,54.81138741,9.675616434,0.601656537,90.56138441
10/03/2023 10:22,0.433424893,94.98374527,8.301452259,0.601656537,90.56138441
10/03/2023 10:23,0.536070687,126.6100228,9.729829432,0.601656537,90.56138441
10/03/2023 10:24,0.656429294,64.02423539,8.131954162,0.601656537,90.56138441
10/03/2023 10:25,0.432022276,105.2003913,9.892235249,0.601656537,90.56138441
10/03/2023 10:26,0.516281245,66.07469509,7.267868574,0.601656537,90.56138441
10/03/2023 10:27,0.772723844,92.86621476,9.0610578,0.601656537,90.56138441
10/03/2023 10:28,0.133014883,57.73411597,8.481442121,0.601656537,90.56138441
10/03/2023 10:29,0.32719325,86.0296749,8.162946416,0.601656537,90.56138441
10/03/2023 10:30,0.742014627,110.4930663,8.898135636,0.601656537,90.56138441
10/03/2023 10:31,0.905686154,77.80572194,9.111571275,0.601656537,90.56138441
10/03/2023 10:32,0.560509698,103.192938,7.013089809,0.601656537,90.56138441
10/03/2023 10:33,0.578902137,113.6359969,7.500859266,0.601656537,90.56138441
10/03/2023 10:34,0.19645481,124.1742256,9.139138152,0.601656537,90.56138441
10/03/2023 10:35,0.50267113,68.77136655,8.999156241,0.601656537,90.56138441
10/03/2023 10:36,0.57935554,81.94527326,9.898142515,0.601656537,90.56138441
10/03/2023 10:37,0.318223453,62.19328107,9.283113371,0.601656537,90.56138441
10/03/2023 10:38,0.342318908,129.3986802,9.852318123,0.601656537,90.56138441
10/03/2023 10:39,0.439555747,124.1600774,9.107621505,0.601656537,90.56138441
10/03/2023 10:40,0.118064078,93.19657042,7.894156626,0.601656537,90.56138441
10/03/2023 10:41,0.389871249,117.3626636,7.316094767,0.601656537,90.56138441
10/03/2023 10:42,0.290303206,91.67663818,9.34547159,0.601656537,90.56138441
10/03/2023 10:43,0.394747617,99.88685504,8.932447664,0.601656537,90.56138441
10/03/2023 10:44,0.207785919,57.12995457,7.144558037,0.601656537,90.56138441
10/03/2023 10:45,0.901474553,110.4216336,8.080151398,0.601656537,90.56138441
10/03/2023 10:46,0.634233208,60.21707869,9.870399446,0.601656537,90.56138441
10/03/2023 10:47,0.711192087,116.0854104,8.501203437,0.601656537,90.56138441
10/03/2023 10:48,0.810254115,112.562247,8.298187408,0.601656537,90.56138441
10/03/2023 10:49,0.548597979,106.6995758,8.373098815,0.601656537,90.56138441
10/03/2023 10:50,0.178228259,52.89283044,7.626648172,0.601656537,90.56138441
10/03/2023 10:51,0.583395888,74.25026848,8.106121513,0.601656537,90.56138441
10/03/2023 10:52,0.628157006,71.04900559,8.109439768,0.601656537,90.56138441
10/03/2023 10:53,0.770895527,78.8109126,7.157065061,0.601656537,90.56138441
10/03/2023 10:54,0.488493592,57.01141974,9.302702886,0.601656537,90.56138441
10/03/2023 10:55,0.214822273,124.9566258,8.249513296,0.601656537,90.56138441
10/03/2023 10:56,0.355398315,94.30417926,9.46653966,0.601656537,90.56138441
10/03/2023 10:57,0.426774067,74.44194485,9.551044003,0.601656537,90.56138441
10/03/2023 10:58,0.681325517,81.75852137,7.635982164,0.601656537,90.56138441
10/03/2023 10:59,0.613700474,85.77620324,8.972060447,0.601656537,90.56138441
10/03/2023 11:00,0.420487053,98.04754667,8.416845412,0.601656537,90.56138441
10/03/2023 11:01,0.987863724,91.25435422,9.640470214,0.601656537,90.56138441
10/03/2023 11:02,0.645197337,123.5513579,7.647222038,0.601656537,90.56138441
10/03/2023 11:03,0.313504113,89.75707863,9.033439601,0.601656537,90.56138441
10/03/2023 11:04,0.191604225,129.3726412,8.823256367,0.601656537,90.56138441
10/03/2023 11:05,0.237573225,118.1139966,7.885904433,0.601656537,90.56138441
10/03/2023 11:06,0.321361956,66.68084115,7.409802711,0.601656537,90.56138441
10/03/2023 11:07,0.244613236,124.4476172,8.954919281,0.601656537,90.56138441
10/03/2023 11:08,0.267910322,59.30931183,9.215792374,0.601656537,90.56138441
10/03/2023 11:09,0.356585652,115.3959767,7.946882031,0.601656537,90.56138441
10/03/2023 11:10,0.256036236,80.44986348,8.934497812,0.601656537,90.56138441
10/03/2023 11:11,0.907088882,120.2379456,8.185392723,0.601656537,90.56138441
10/03/2023 11:12,0.172210371,119.4445352,9.13962065,0.601656537,90.56138441
10/03/2023 11:13,0.572060251,114.474032,7.597645825,0.601656537,90.56138441
10/03/2023 11:14,0.469357144,113.2024349,9.670645008,0.601656537,90.56138441
10/03/2023 11:15,0.984140755,74.37433113,7.862228789,0.601656537,90.56138441
10/03/2023 11:16,0.200835012,56.47354264,8.103357963,0.601656537,90.56138441
10/03/2023 11:17,0.458070039,82.2384143,7.174275856,0.601656537,90.56138441
10/03/2023 11:18,0.97252339,63.8819612,7.334536637,0.601656537,90.56138441
10/03/2023 11:19,0.878956413,105.5960871,8.547585708,0.601656537,90.56138441
10/03/2023 11:20,0.835364864,77.68797812,7.80277803,0.601656537,90.56138441
10/03/2023 11:21,0.332112544,128.0488161,9.506440677,0.601656537,90.56138441
10/03/2023 11:22,0.253798829,101.2777662,7.044080166,0.601656537,90.56138441
10/03/2023 11:23,0.701778898,115.7984451,8.137282146,0.601656537,90.56138441
10/03/2023 11:24,0.93643839,60.60197382,8.01203664,0.601656537,90.56138441
10/03/2023 11:25,0.601086604,118.9611586,7.057982893,0.601656537,90.56138441
10/03/2023 11:26,0.614451421,123.8205752,7.373105197,0.601656537,90.56138441
10/03/2023 11:27,0.351981184,88.96495351,8.240928025,0.601656537,90.56138441
10/03/2023 11:28,0.79254364,98.50023502,8.478593753,0.601656537,90.56138441
10/03/2023 11:29,0.268339374,111.1847841,8.212869242,0.601656537,90.56138441
10/03/2023 11:30,0.391311313,63.98709018,8.592813035,0.601656537,90.56138441
10/03/2023 11:31,0.482892795,90.20528612,8.785395025,0.601656537,90.56138441
10/03/2023 11:32,0.556849341,81.89304222,7.029771463,0.601656537,90.56138441
10/03/2023 11:33,0.318168759,61.70991937,8.392285478,0.601656537,90.56138441
10/03/2023 11:34,0.203353142,79.40275378,9.890497723,0.601656537,90.56138441
10/03/2023 11:35,0.649558038,55.45378475,8.55709684,0.601656537,90.56138441
10/03/2023 11:36,0.359767498,52.06495256,9.032626802,0.601656537,90.56138441
10/03/2023 11:37,0.623114399,60.81330313,7.935591574,0.601656537,90.56138441
10/03/2023 11:38,0.238926444,127.0492089,9.321974134,0.601656537,90.56138441
10/03/2023 11:39,0.533026092,93.96236287,9.318764446,0.601656537,90.56138441
10/03/2023 11:40,0.579330489,127.2657729,8.563888143,0.601656537,90.56138441
10/03/2023 11:41,0.146641183,84.59983027,9.92804147,0.601656537,90.56138441
10/03/2023 11:42,0.40294385,74.94529065,7.376650644,0.601656537,90.56138441
10/03/2023 11:43,0.220973209,90.49134903,7.050842995,0.601656537,90.56138441
10/03/2023 11:44,0.157037473,85.16093509,9.310474635,0.601656537,90.56138441
10/03/2023 11:45,0.990964209,58.45317474,9.421466612,0.601656537,90.56138441
10/03/2023 11:46,0.39011846,101.2661052,7.360621687,0.601656537,90.56138441
10/03/2023 11:47,0.828887001,67.2830546,7.796748499,0.601656537,90.56138441
10/03/2023 11:48,0.329176589,99.56703639,7.05265709,0.601656537,90.56138441
10/03/2023 11:49,0.71335245,102.0160874,7.879925832,0.601656537,90.56138441
10/03/2023 11:50,0.784205074,62.16198825,9.319425622,0.601656537,90.56138441
10/03/2023 11:51,0.636074867,54.90797017,8.553881583,0.601656537,90.56138441
10/03/2023 11:52,0.52441857,112.4609269,8.04428678,0.601656537,90.56138441
10/03/2023 11:53,0.470656823,86.7840339,8.115217885,0.601656537,90.56138441
10/03/2023 11:54,0.41398144,54.65310364,7.004060877,0.601656537,90.56138441
10/03/2023 11:55,0.93657623,129.5893054,7.899401583,0.601656537,90.56138441
10/03/2023 11:56,0.847557467,54.62244488,8.939376225,0.601656537,90.56138441
10/03/2023 11:57,0.96852422,105.6028183,9.922583331,0.601656537,90.56138441
10/03/2023 11:58,0.211867501,128.694314,9.541182481,0.601656537,90.56138441
10/03/2023 11:59,0.757780728,69.13440834,7.070784894,0.601656537,90.56138441
10/03/2023 12:00,0.944506411,61.37994949,9.695681814,0.601656537,90.56138441
10/03/2023 12:01,0.26310976,59.71079515,9.34959524,0.601656537,90.56138441
10/03/2023 12:02,0.159846641,74.26201181,9.341128371,0.601656537,90.56138441
10/03/2023 12:03,0.767008584,58.08366488,8.373987277,0.601656537,90.56138441
10/03/2023 12:04,0.617025802,105.3729073,8.194015879,0.601656537,90.56138441
10/03/2023 12:05,0.857645899,54.98334385,7.908747186,0.601656537,90.56138441
10/03/2023 12:06,0.225795139,90.75377025,7.197084577,0.601656537,90.56138441
10/03/2023 12:07,0.815740581,129.7357483,7.68470609,0.601656537,90.56138441
10/03/2023 12:08,0.281464588,115.1176216,7.739810905,0.601656537,90.56138441
10/03/2023 12:09,0.247290349,99.21755506,8.452231209,0.601656537,90.56138441
10/03/2023 12:10,0.247839218,74.50028966,9.24233322,0.601656537,90.56138441
10/03/2023 12:11,0.833117248,99.9116669,8.421429485,0.601656537,90.56138441
10/03/2023 12:12,0.698677499,92.16331711,7.173533348,0.601656537,90.56138441
10/03/2023 12:13,0.570758882,84.08667071,9.873369403,0.601656537,90.56138441
10/03/2023 12:14,0.422947436,60.45683014,9.828172957,0.601656537,90.56138441
10/03/2023 12:15,0.889480487,120.9283372,9.355568629,0.601656537,90.56138441
10/03/2023 12:16,0.453200597,85.98277191,9.973983705,0.601656537,90.56138441
10/03/2023 12:17,0.834939496,65.56980095,8.633446998,0.601656537,90.56138441
10/03/2023 12:18,0.495221418,79.42074807,9.888305051,0.601656537,90.56138441
10/03/2023 12:19,0.439249986,83.1303802,7.226815122,0.601656537,90.56138441
10/03/2023 12:20,0.516411807,116.2030316,8.097042245,0.601656537,90.56138441
10/03/2023 12:21,0.371240087,108.6891504,7.676143804,0.601656537,90.56138441
10/03/2023 12:22,0.772848442,111.5443915,7.587499252,0.601656537,90.56138441
10/03/2023 12:23,0.552448351,50.88250115,7.422408847,0.601656537,90.56138441
10/03/2023 12:24,0.308991426,83.29231985,8.867240925,0.601656537,90.56138441
10/03/2023 12:25,0.909617116,88.50753213,9.343965567,0.601656537,90.56138441
10/03/2023 12:26,0.445502099,51.53538215,8.734895198,0.601656537,90.56138441
10/03/2023 12:27,0.589197575,70.7850567,7.440888129,0.601656537,90.56138441
10/03/2023 12:28,0.9158249,110.8231858,9.43337131,0.601656537,90.56138441
10/03/2023 12:29,0.661814196,60.96877646,8.907864121,0.601656537,90.56138441
10/03/2023 12:30,0.205208237,92.82481052,8.164497118,0.601656537,90.56138441
10/03/2023 12:31,0.945848911,67.21614976,9.022390887,0.601656537,90.56138441
10/03/2023 12:32,0.664937248,50.96966197,7.779714938,0.601656537,90.56138441
10/03/2023 12:33,0.401415053,69.29611661,8.035576625,0.601656537,90.56138441
10/03/2023 12:34,0.225344865,128.0699004,9.752457529,0.601656537,90.56138441
10/03/2023 12:35,0.81462267,114.122969,7.871513517,0.601656537,90.56138441
10/03/2023 12:36,0.65806548,126.7661315,8.409964804,0.601656537,90.56138441
10/03/2023 12:37,0.580114983,89.02832351,9.670423412,0.601656537,90.56138441
10/03/2023 12:38,0.904503325,58.77889589,9.123164051,0.601656537,90.56138441
10/03/2023 12:39,0.80973749,93.83675912,7.186609678,0.601656537,90.56138441
10/03/2023 12:40,0.236507392,86.35018676,7.441909133,0.601656537,90.56138441
10/03/2023 12:41,0.380549861,117.5485666,7.023524772,0.601656537,90.56138441
10/03/2023 12:42,0.323640226,57.84660646,8.892765371,0.601656537,90.56138441
10/03/2023 12:43,0.769551663,89.05929096,8.343020276,0.601656537,90.56138441
10/03/2023 12:44,0.130179191,62.00389318,7.402824553,0.601656537,90.56138441
10/03/2023 12:45,0.612900716,75.97407415,9.873802363,0.601656537,90.56138441
10/03/2023 12:46,0.786212817,108.9885662,8.588979172,0.601656537,90.56138441
10/03/2023 12:47,0.889089073,88.08145035,7.725679882,0.601656537,90.56138441
10/03/2023 12:48,0.407873574,80.07106281,8.501810713,0.601656537,90.56138441
10/03/2023 12:49,0.839131574,81.55810229,9.038860998,0.601656537,90.56138441
10/03/2023 12:50,0.199568563,86.75574147,7.228717654,0.601656537,90.56138441
10/03/2023 12:51,0.861807063,112.8013235,7.824111445,0.601656537,90.56138441
10/03/2023 12:52,0.214739796,121.3667751,9.420896473,0.601656537,90.56138441
10/03/2023 12:53,0.457558562,126.4267749,8.378994611,0.601656537,90.56138441
10/03/2023 12:54,0.817565829,112.9522709,8.639731426,0.601656537,90.56138441
10/03/2023 12:55,0.234925685,75.23255166,8.298448007,0.601656537,90.56138441
10/03/2023 12:56,0.306326256,105.0507765,7.131699828,0.601656537,90.56138441
10/03/2023 12:57,0.750027312,85.00824992,7.497249339,0.601656537,90.56138441
10/03/2023 12:58,0.748032883,70.37364976,8.336624916,0.601656537,90.56138441
10/03/2023 12:59,0.67703287,117.2697264,7.627556396,0.601656537,90.56138441
10/03/2023 13:00,0.7245536,53.07410792,7.149937086,0.601656537,90.56138441
10/03/2023 13:01,0.588451999,122.1409594,9.530948992,0.601656537,90.56138441
10/03/2023 13:02,0.326619153,86.91819717,9.943577587,0.601656537,90.56138441
10/03/2023 13:03,0.411126394,100.9761181,9.379428622,0.601656537,90.56138441
10/03/2023 13:04,0.263437945,102.7483138,9.561354765,0.601656537,90.56138441
10/03/2023 13:05,0.917605505,121.6094193,7.725931391,0.601656537,90.56138441
10/03/2023 13:06,0.625052615,100.9335746,9.881880927,0.601656537,90.56138441
10/03/2023 13:07,0.460766275,99.11468678,7.590777113,0.601656537,90.56138441
10/03/2023 13:08,0.515805223,55.33216324,9.854289431,0.601656537,90.56138441
10/03/2023 13:09,0.952555006,91.47264176,9.984457882,0.601656537,90.56138441
10/03/2023 13:10,0.238016263,62.01352007,9.135168417,0.601656537,90.56138441
10/03/2023 13:11,0.627606849,108.9947015,9.943431195,0.601656537,90.56138441
10/03/2023 13:12,0.555299811,90.97775367,8.708619339,0.601656537,90.56138441
10/03/2023 13:13,0.650308812,104.4182223,7.77862535,0.601656537,90.56138441
10/03/2023 13:14,0.116299165,53.33383205,8.310987657,0.601656537,90.56138441
10/03/2023 13:15,0.884911518,56.78336128,8.780682806,0.601656537,90.56138441
10/03/2023 13:16,0.938906454,107.305871,7.219244686,0.601656537,90.56138441
10/03/2023 13:17,0.608619865,55.76674688,8.867029794,0.601656537,90.56138441
10/03/2023 13:18,0.726985741,55.70053822,9.94353351,0.601656537,90.56138441
10/03/2023 13:19,0.930249443,50.96867802,7.570322949,0.601656537,90.56138441
10/03/2023 13:20,0.736514771,126.5201119,9.377785349,0.601656537,90.56138441
10/03/2023 13:21,0.237285139,109.0006688,9.723696381,0.601656537,90.56138441
10/03/2023 13:22,0.618659524,78.26011268,9.831104778,0.601656537,90.56138441
10/03/2023 13:23,0.646043542,73.7228465,9.880406813,0.601656537,90.56138441
10/03/2023 13:24,0.481717604,77.97625838,8.564378916,0.601656537,90.56138441
10/03/2023 13:25,0.762799812,111.9722825,9.931923724,0.601656537,90.56138441
10/03/2023 13:26,0.940930313,102.9096489,9.271930621,0.601656537,90.56138441
10/03/2023 13:27,0.933011662,64.81564543,7.485014309,0.601656537,90.56138441
10/03/2023 13:28,0.505755434,63.92874683,8.430700319,0.601656537,90.56138441
10/03/2023 13:29,0.201914241,57.87165198,9.154993526,0.601656537,90.56138441
10/03/2023 13:30,0.986357079,102.8242176,7.742020947,0.601656537,90.56138441
10/03/2023 13:31,0.855008278,111.149813,8.921845551,0.601656537,90.56138441
10/03/2023 13:32,0.212196413,71.20371427,8.999801437,0.601656537,90.56138441
10/03/2023 13:33,0.928757694,51.67559688,7.488099231,0.601656537,90.56138441
10/03/2023 13:34,0.882906726,56.5737334,8.695255937,0.601656537,90.56138441
10/03/2023 13:35,0.566954251,127.4288028,9.314880733,0.601656537,90.56138441
10/03/2023 13:36,0.632147892,73.6355822,8.496686994,0.601656537,90.56138441
10/03/2023 13:37,0.459102433,111.5378518,7.03630935,0.601656537,90.56138441
10/03/2023 13:38,0.149285475,99.97308551,7.027115407,0.601656537,90.56138441
10/03/2023 13:39,0.401677517,80.55517117,8.071088032,0.601656537,90.56138441
10/03/2023 13:40,0.822568104,66.45498098,9.778582205,0.601656537,90.56138441
10/03/2023 13:41,0.104168821,59.71091345,7.686030339,0.601656537,90.56138441
10/03/2023 13:42,0.400149255,99.20103744,8.903091067,0.601656537,90.56138441
10/03/2023 13:43,0.458351824,111.9707025,7.666227612,0.601656537,90.56138441
10/03/2023 13:44,0.583656043,101.5123403,7.965009969,0.601656537,90.56138441
10/03/2023 13:45,0.927870055,92.42417066,9.544126269,0.601656537,90.56138441
10/03/2023 13:46,0.411711395,53.35609787,9.186584327,0.601656537,90.56138441
10/03/2023 13:47,0.412257882,127.4791022,7.286197832,0.601656537,90.56138441
10/03/2023 13:48,0.763751123,113.8971353,8.286106063,0.601656537,90.56138441
10/03/2023 13:49,0.506996147,73.42576294,7.087509291,0.601656537,90.56138441
10/03/2023 13:50,0.302144341,128.3976263,8.44267044,0.601656537,90.56138441
10/03/2023 13:51,0.507195565,98.15052717,8.987302035,0.601656537,90.56138441
10/03/2023 13:52,0.226771318,96.59381266,7.355507871,0.601656537,90.56138441
10/03/2023 13:53,0.258748288,109.8458544,7.866654817,0.601656537,90.56138441
10/03/2023 13:54,0.548530995,114.941583,8.193509877,0.601656537,90.56138441
10/03/2023 13:55,0.477032905,102.5182886,9.758593074,0.601656537,90.56138441
10/03/2023 13:56,0.923361311,60.24765971,9.979765046,0.601656537,90.56138441
10/03/2023 13:57,0.426154509,77.06140048,7.134733897,0.601656537,90.56138441
10/03/2023 13:58,0.622529515,124.2466912,9.28302377,0.601656537,90.56138441
10/03/2023 13:59,0.669037859,67.96924895,8.115172199,0.601656537,90.56138441
10/03/2023 14:00,0.111785011,79.77336191,8.177374559,0.601656537,90.56138441
10/03/2023 14:01,0.697183635,84.56615064,9.26279492,0.601656537,90.56138441
10/03/2023 14:02,0.26023237,85.15239918,9.755279296,0.601656537,90.56138441
10/03/2023 14:03,0.964963286,99.0351666,9.852785784,0.601656537,90.56138441
10/03/2023 14:04,0.233796455,125.446067,8.731367758,0.601656537,90.56138441
10/03/2023 14:05,0.473161711,69.25541695,8.071363478,0.601656537,90.56138441
10/03/2023 14:06,0.176814701,59.7201101,9.362647258,0.601656537,90.56138441
10/03/2023 14:07,0.997186827,65.79763919,7.75300415,0.601656537,90.56138441
10/03/2023 14:08,0.551975509,120.953992,8.692222087,0.601656537,90.56138441
10/03/2023 14:09,0.635846516,101.664865,8.075735385,0.601656537,90.56138441
10/03/2023 14:10,0.16036883,72.87254314,8.969893221,0.601656537,90.56138441
10/03/2023 14:11,0.774964423,115.2757551,7.721196739,0.601656537,90.56138441
10/03/2023 14:12,0.288915034,118.9095997,7.574778837,0.601656537,90.56138441
10/03/2023 14:13,0.90824886,117.7211471,9.75471726,0.601656537,90.56138441
10/03/2023 14:14,0.284625676,123.5141227,7.305411049,0.601656537,90.56138441
10/03/2023 14:15,0.271618949,70.17928161,8.517873723,0.601656537,90.56138441
10/03/2023 14:16,0.132894701,110.4033543,7.662558349,0.601656537,90.56138441
10/03/2023 14:17,0.524860251,86.84315978,7.11678989,0.601656537,90.56138441
10/03/2023 14:18,0.60835702,117.3598842,7.108056455,0.601656537,90.56138441
10/03/2023 14:19,0.159137775,108.2792542,7.525665316,0.601656537,90.56138441
10/03/2023 14:20,0.797974855,112.1157957,9.600311064,0.601656537,90.56138441
10/03/2023 14:21,0.507959951,102.492947,7.847436232,0.601656537,90.56138441
10/03/2023 14:22,0.571951242,64.19430156,9.851377512,0.601656537,90.56138441
10/03/2023 14:23,0.496686472,93.60215351,8.744866879,0.601656537,90.56138441
10/03/2023 14:24,0.460686755,128.7735792,8.309842569,0.601656537,90.56138441
10/03/2023 14:25,0.603676298,124.9910453,8.740266504,0.601656537,90.56138441
10/03/2023 14:26,0.239716221,53.45389886,8.550095156,0.601656537,90.56138441
10/03/2023 14:27,0.263735317,63.18518526,9.276328761,0.601656537,90.56138441
10/03/2023 14:28,0.875607059,60.53830188,7.847488198,0.601656537,90.56138441
10/03/2023 14:29,0.951503916,108.0783928,8.059151175,0.601656537,90.56138441
10/03/2023 14:30,0.435978385,115.4228264,9.682282908,0.601656537,90.56138441
10/03/2023 14:31,0.343670206,67.0809093,9.839369539,0.601656537,90.56138441
10/03/2023 14:32,0.679599589,90.46821544,9.677674682,0.601656537,90.56138441
10/03/2023 14:33,0.467860754,117.2562422,8.258343982,0.601656537,90.56138441
10/03/2023 14:34,0.12284772,108.6241236,9.341096509,0.601656537,90.56138441
10/03/2023 14:35,0.240537338,93.37897644,8.4290072,0.601656537,90.56138441
10/03/2023 14:36,0.744375006,97.22781524,8.492619556,0.601656537,90.56138441
10/03/2023 14:37,0.693031548,90.66884375,7.614040327,0.601656537,90.56138441
10/03/2023 14:38,0.124386393,73.80387611,8.77339091,0.601656537,90.56138441
10/03/2023 14:39,0.299774946,95.20175943,7.558407693,0.601656537,90.56138441
10/03/2023 14:40,0.307967317,105.1108242,7.994694097,0.601656537,90.56138441
10/03/2023 14:41,0.704703469,119.8658333,9.565090605,0.601656537,90.56138441
10/03/2023 14:42,0.117739484,100.9033083,7.621227428,0.601656537,90.56138441
10/03/2023 14:43,0.193697724,110.889723,7.213474856,0.601656537,90.56138441
10/03/2023 14:44,0.819924477,62.8057308,7.207022778,0.601656537,90.56138441
10/03/2023 14:45,0.260690196,86.92459795,9.822353562,0.601656537,90.56138441
10/03/2023 14:46,0.687471497,50.74652959,8.520761314,0.601656537,90.56138441
10/03/2023 14:47,0.314364503,69.73430916,8.228236215,0.601656537,90.56138441
10/03/2023 14:48,0.189497253,108.1169372,9.432635743,0.601656537,90.56138441
10/03/2023 14:49,0.318854972,129.3447961,9.507477784,0.601656537,90.56138441
10/03/2023 14:50,0.750040239,57.93424797,7.996573099,0.601656537,90.56138441
10/03/2023 14:51,0.870126821,82.11954527,9.080854172,0.601656537,90.56138441
10/03/2023 14:52,0.847197878,114.0056775,9.313368448,0.601656537,90.56138441
10/03/2023 14:53,0.457465177,66.32285077,8.963952061,0.601656537,90.56138441
10/03/2023 14:54,0.701276623,94.40679594,7.454785224,0.601656537,90.56138441
10/03/2023 14:55,0.284485866,108.6457037,9.627649251,0.601656537,90.56138441
10/03/2023 14:56,0.363832957,99.27883602,8.617283658,0.601656537,90.56138441
10/03/2023 14:57,0.906702237,65.04197877,7.847417279,0.601656537,90.56138441
10/03/2023 14:58,0.111701731,78.43076549,8.275684556,0.601656537,90.56138441
10/03/2023 14:59,0.176957678,112.7033428,7.112713271,0.601656537,90.56138441
10/03/2023 15:00,0.28709763,94.33812113,7.383600404,0.601656537,90.56138441
10/03/2023 15:01,0.123878983,50.41836908,9.296640252,0.601656537,90.56138441
10/03/2023 15:02,0.263291892,110.8792608,7.000034904,0.601656537,90.56138441
10/03/2023 15:03,0.624737405,52.8249084,8.249697485,0.601656537,90.56138441
10/03/2023 15:04,0.479282096,109.6587026,8.567530543,0.601656537,90.56138441
10/03/2023 15:05,0.90340454,66.19844481,7.16390326,0.601656537,90.56138441
10/03/2023 15:06,0.835699206,126.6458784,9.919234489,0.601656537,90.56138441
10/03/2023 15:07,0.407635617,79.4352601,7.678375994,0.601656537,90.56138441
10/03/2023 15:08,0.33348109,76.15452931,7.912596159,0.601656537,90.56138441
10/03/2023 15:09,0.441723167,61.91104403,7.911827537,0.601656537,90.56138441
10/03/2023 15:10,0.631265448,74.44833724,7.691249986,0.601656537,90.56138441
10/03/2023 15:11,0.341257277,120.1320609,7.004421466,0.601656537,90.56138441
10/03/2023 15:12,0.661734017,129.706747,9.188034382,0.601656537,90.56138441
10/03/2023 15:13,0.468470487,79.46476244,9.900536499,0.601656537,90.56138441
10/03/2023 15:14,0.596842463,85.88885048,7.67288045,0.601656537,90.56138441
10/03/2023 15:15,0.492513876,107.7656751,8.989141575,0.601656537,90.56138441
10/03/2023 15:16,0.365019184,120.8956624,9.225688981,0.601656537,90.56138441
10/03/2023 15:17,0.953607976,97.44354673,9.545276137,0.601656537,90.56138441
10/03/2023 15:18,0.787245215,81.32205585,8.267887591,0.601656537,90.56138441
10/03/2023 15:19,0.226101858,83.00974727,7.908792717,0.601656537,90.56138441
10/03/2023 15:20,0.881621178,105.6494517,7.975885402,0.601656537,90.56138441
10/03/2023 15:21,0.538688078,50.25746109,9.137863999,0.601656537,90.56138441
10/03/2023 15:22,0.905097004,99.567147,9.4503384,0.601656537,90.56138441
10/03/2023 15:23,0.81986973,78.43944084,7.544841903,0.601656537,90.56138441
10/03/2023 15:24,0.482692154,113.5357865,8.112823024,0.601656537,90.56138441
10/03/2023 15:25,0.120222377,57.43925119,9.70582059,0.601656537,90.56138441
10/03/2023 15:26,0.341809623,97.05618136,9.420080559,0.601656537,90.56138441
10/03/2023 15:27,0.587470793,88.47783119,9.954575208,0.601656537,90.56138441
10/03/2023 15:28,0.670130398,101.3860421,9.262744779,0.601656537,90.56138441
10/03/2023 15:29,0.332098917,55.18828756,8.179585603,0.601656537,90.56138441
10/03/2023 15:30,0.225420467,96.39870299,8.771913502,0.601656537,90.56138441
10/03/2023 15:31,0.851437213,94.91876704,8.983042763,0.601656537,90.56138441
10/03/2023 15:32,0.985961963,94.85280755,7.235367449,0.601656537,90.56138441
10/03/2023 15:33,0.573121164,98.27901333,8.633490877,0.601656537,90.56138441
10/03/2023 15:34,0.254511357,104.117435,9.127962485,0.601656537,90.56138441
10/03/2023 15:35,0.345076594,114.39912,7.501963912,0.601656537,90.56138441
10/03/2023 15:36,0.116551609,71.58565761,9.341895152,0.601656537,90.56138441
10/03/2023 15:37,0.922868926,116.0039528,8.751318342,0.601656537,90.56138441
10/03/2023 15:38,0.205975975,89.86045458,9.856665357,0.601656537,90.56138441
10/03/2023 15:39,0.618864828,56.16466233,7.127266895,0.601656537,90.56138441
10/03/2023 15:40,0.346649699,54.68407434,7.795978413,0.601656537,90.56138441
10/03/2023 15:41,0.598760202,76.7390655,8.804661638,0.601656537,90.56138441
10/03/2023 15:42,0.68627835,112.7917582,7.889679737,0.601656537,90.56138441
10/03/2023 15:43,0.846767623,106.6144748,9.143272492,0.601656537,90.56138441
10/03/2023 15:44,0.285779145,113.0891972,9.277015848,0.601656537,90.56138441
10/03/2023 15:45,0.109896246,91.38152452,7.307547892,0.601656537,90.56138441
10/03/2023 15:46,0.223197067,85.21591984,8.541563393,0.601656537,90.56138441
10/03/2023 15:47,0.910016778,61.79620214,8.526671667,0.601656537,90.56138441
10/03/2023 15:48,0.88650107,76.25542029,8.107842311,0.601656537,90.56138441
10/03/2023 15:49,0.637671792,84.72154929,9.798774588,0.601656537,90.56138441
10/03/2023 15:50,0.640465174,57.08803437,9.48251896,0.601656537,90.56138441
10/03/2023 15:51,0.698533007,67.64895622,9.091628146,0.601656537,90.56138441
10/03/2023 15:52,0.257834151,97.85802353,9.142979907,0.601656537,90.56138441
10/03/2023 15:53,0.922970751,108.8530491,8.385148431,0.601656537,90.56138441
10/03/2023 15:54,0.476893472,129.8678009,9.762983563,0.601656537,90.56138441
10/03/2023 15:55,0.444824675,124.6490665,9.083786282,0.601656537,90.56138441
10/03/2023 15:56,0.567025935,101.405216,9.186943185,0.601656537,90.56138441
10/03/2023 15:57,0.14226937,83.69984426,9.585072711,0.601656537,90.56138441
10/03/2023 15:58,0.249655032,100.8941892,7.822214768,0.601656537,90.56138441
10/03/2023 15:59,0.764230255,112.8521294,9.421212712,0.601656537,90.56138441
10/03/2023 16:00,0.174518801,59.46689527,7.585721809,0.601656537,90.56138441
10/03/2023 16:01,0.642836899,82.79239118,8.036025857,0.601656537,90.56138441
10/03/2023 16:02,0.320814199,117.1841829,8.006831363,0.601656537,90.56138441
10/03/2023 16:03,0.450366053,80.70663615,9.935576405,0.601656537,90.56138441
10/03/2023 16:04,0.359824363,95.7497817,9.569611671,0.601656537,90.56138441
10/03/2023 16:05,0.420105445,97.02154887,9.103509585,0.601656537,90.56138441
10/03/2023 16:06,0.747141315,64.75810025,9.181170285,0.601656537,90.56138441
10/03/2023 16:07,0.367409544,78.97883533,8.686218383,0.601656537,90.56138441
10/03/2023 16:08,0.609764176,76.7609031,9.841272001,0.601656537,90.56138441
10/03/2023 16:09,0.528445362,52.09573668,8.488776259,0.601656537,90.56138441
10/03/2023 16:10,0.697304049,51.93534111,8.14155313,0.601656537,90.56138441
10/03/2023 16:11,0.943146765,116.5357635,7.489106011,0.601656537,90.56138441
10/03/2023 16:12,0.759314887,71.8456648,9.358616957,0.601656537,90.56138441
10/03/2023 16:13,0.293446341,91.4463013,9.203331796,0.601656537,90.56138441
10/03/2023 16:14,0.128064822,73.89804589,8.153065116,0.601656537,90.56138441
10/03/2023 16:15,0.33603764,125.2543396,7.075580242,0.601656537,90.56138441
10/03/2023 16:16,0.635570138,70.74374071,9.516991983,0.601656537,90.56138441
10/03/2023 16:17,0.146283232,84.37254502,7.03425395,0.601656537,90.56138441
10/03/2023 16:18,0.546729622,119.81842,9.111099339,0.601656537,90.56138441
10/03/2023 16:19,0.637158564,117.3546853,9.910771329,0.601656537,90.56138441
10/03/2023 16:20,0.400819502,64.88811343,8.312983984,0.601656537,90.56138441
10/03/2023 16:21,0.793820983,114.2114648,7.704920215,0.601656537,90.56138441
10/03/2023 16:22,0.195938428,86.65495094,9.11461303,0.601656537,90.56138441
10/03/2023 16:23,0.167624004,88.63750977,9.451384426,0.601656537,90.56138441
10/03/2023 16:24,0.755369881,60.67839779,8.639290948,0.601656537,90.56138441
10/03/2023 16:25,0.545942185,56.4481211,9.901105826,0.601656537,90.56138441
10/03/2023 16:26,0.719562157,108.2351446,7.155006165,0.601656537,90.56138441
10/03/2023 16:27,0.491344605,89.71689219,8.514386795,0.601656537,90.56138441
10/03/2023 16:28,0.32176183,84.94805621,9.155361842,0.601656537,90.56138441
10/03/2023 16:29,0.837192086,108.3606583,9.587921413,0.601656537,90.56138441
10/03/2023 16:30,0.819474291,111.2410319,7.537766836,0.601656537,90.56138441
10/03/2023 16:31,0.725226824,62.71265341,9.400010445,0.601656537,90.56138441
10/03/2023 16:32,0.344930624,98.81801196,8.658121227,0.601656537,90.56138441
10/03/2023 16:33,0.6312076,60.82832658,8.189661046,0.601656537,90.56138441
10/03/2023 16:34,0.424876507,110.1100069,7.395145086,0.601656537,90.56138441
10/03/2023 16:35,0.182423866,102.5564125,9.595887277,0.601656537,90.56138441
10/03/2023 16:36,0.925582218,126.5291697,7.471819625,0.601656537,90.56138441
10/03/2023 16:37,0.223136768,55.51664131,7.929363578,0.601656537,90.56138441
10/03/2023 16:38,0.955213618,54.56437769,7.870136596,0.601656537,90.56138441
10/03/2023 16:39,0.501405196,72.57496598,9.614242103,0.601656537,90.56138441
